00000000
00000000
00000000
00000000
00000000
00000000
00000000
00000000
00000000
00000000
00000000
00000000
00000000
00000000
00000000
00000000
00000000
00000000
00000000
00000000
00000000
00000000
00000000
00000000
00000000
00000000
00000000
00000000
00000000
00000000
00000000
00000000
00000000
00000000
00000000
00000000
00000000
00000000
00000000
00000000
00000000
00000000
00000000
00000000
00000000
00000000
00000000
00000000
00000000
00000000
00000000
00000000
00000000
00000000
00000000
00000000
00000000
00000000
00000000
00000000
00000000
00000000
00000000
00000000
00000000
00000000
00000000
00000000
00000000
00000000
00000000
00000000
00000000
00000000
00000000
00000000
00000000
00000000
00000000
00000000
00000000
00000000
00000000
00000000
00000000
00000000
00000000
00000000
00000000
00000000
00000000
00000000
00000000
00000000
00000000
00000000
00000000
00000000
00000000
00000000
00000000
00000000
00000000
00000000
00000000
00000000
00000000
00000000
00000000
00000000
00000000
00000000
00000000
00000000
00000000
00000000
00000000
00000000
00000000
00000000
00000000
00000000
00000000
00000000
00000000
00000000
00000000
00000000
00000000
00000000
00000000
00000000
00000000
00000000
00000000
00000000
00000000
00000000
00000000
00000000
00000000
00000000
00000000
00000000
00000000
00000000
00000000
00000000
00000000
00000000
00000000
00000000
00000000
00000000
00000000
00000000
00000000
00000000
00000000
00000000
00000000
00000000
00000000
00000000
00000000
00000000
00000000
00000000
00000000
00000000
00000000
00000000
00000000
00000000
00000000
00000000
00000000
00000000
00000000
00000000
00000000
00000000
00000000
00000000
00000000
00000000
00000000
00000000
00000000
00000000
00000000
00000000
00000000
00000000
00000000
00000000
00000000
00000000
00000000
00000000
00000000
00000000
00000000
00000000
00000000
00000000
00000000
00000000
00000000
00000000
00000000
00000000
00000000
00000000
00000000
00000000
00000000
00000000
00000000
00000000
00000000
00000000
00000000
00000000
00000000
00000000
00000000
00000000
00000000
00000000
00000000
00000000
00000000
00000000
00000000
00000000
00000000
00000000
00000000
00000000
00000000
00000000
00000000
00000000
00000000
00000000
00000000
00000000
00000000
00000000
00000000
00000000
00000000
00000000
00000000
00000000
00000000
00000000
00000000
00000000
00000000
00000000
00000000
00000000
00000000
00000000
00000000
00000000
00000000
00000000
00000000
00000000
00000000
00000000
00000000
00000000
00000000
00000000
00000000
00000000
00000000
00000000
00000000
00000000
00000000
00000000
00000000
00000000
00000000
00000000
00000000
00000000
00000000
00000000
00000000
00000000
00000000
00000000
00000000
00000000
00000000
00000000
00000000
00000000
00000000
00000000
00000000
00000000
00000000
00000000
00000000
00000000
00000000
00000000
00000000
00000000
00000000
00000000
00000000
00000000
00000000
00000000
00000000
00000000
00000000
00000000
00000000
00000000
00000000
00000000
00000000
00000000
00000000
00000000
00000000
00000000
00000000
00000000
00000000
00000000
00000000
00000000
00000000
00000000
00000000
00000000
00000000
00000000
00000000
00000000
00000000
00000000
00000000
00000000
00000000
00000000
00000000
00000000
00000000
00000000
00000000
00000000
00000000
00000000
00000000
00000000
00000000
00000000
00000000
00000000
00000000
00000000
00000000
00000000
00000000
00000000
00000000
00000000
00000000
00000000
00000000
00000000
00000000
00000000
00000000
00000000
00000000
00000000
00000000
00000000
00000000
00000000
00000000
00000000
00000000
00000000
00000000
00000000
00000000
00000000
00000000
00000000
00000000
00000000
00000000
00000000
00000000
00000000
00000000
00000000
00000000
00000000
00000000
00000000
00000000
00000000
00000000
00000000
00000000
00000000
00000000
00000000
00000000
00000000
00000000
00000000
00000000
00000000
00000000
00000000
00000000
00000000
00000000
00000000
00000000
00000000
00000000
00000000
00000000
00000000
00000000
00000000
00000000
00000000
00000000
00000000
00000000
00000000
00000000
00000000
00000000
00000000
00000000
00000000
00000000
00000000
00000000
00000000
00000000
00000000
00000000
00000000
00000000
00000000
00000000
00000000
00000000
00000000
00000000
00000000
00000000
00000000
00000000
00000000
00000000
00000000
00000000
00000000
00000000
00000000
00000000
00000000
00000000
00000000
00000000
00000000
00000000
00000000
00000000
00000000
00000000
00000000
00000000
00000000
00000000
00000000
00000000
00000000
00000000
00000000
00000000
00000000
00000000
00000000
00000000
00000000
00000000
00000000
00000000
00000000
00000000
00000000
00000000
00000000
00000000
00000000
00000000
00000000
00000000
00000000
00000000
00000000
00000000
00000000
00000000
00000000
00000000
00000000
00000000
00000000
00000000
00000000
00000000
00000000
00000000
00000000
00000000
00000000
00000000
00000000
00000000
00000000
00000000
00000000
00000000
00000000
00000000
00000000
00000000
00000000
00000000
00000000
00000000
00000000
00000000
00000000
00000000
00000000
00000000
00000000
00000000
00000000
00000000
00000000
00000000
00000000
00000000
00000000
00000000
00000000
00000000
00000000
00000000
00000000
00000000
00000000
00000000
00000000
00000000
00000000
00000000
00000000
00000000
00000000
00000000
00000000
00000000
00000000
00000000
00000000
00000000
00000000
00000000
00000000
00000000
00000000
00000000
00000000
00000000
00000000
00000000
00000000
00000000
00000000
00000000
00000000
00000000
00000000
00000000
00000000
00000000
00000000
00000000
00000000
00000000
00000000
00000000
00000000
00000000
00000000
00000000
00000000
00000000
00000000
00000000
00000000
00000000
00000000
00000000
00000000
00000000
00000000
00000000
00000000
00000000
00000000
00000000
00000000
00000000
00000000
00000000
00000000
00000000
00000000
00000000
00000000
00000000
00000000
00000000
00000000
00000000
00000000
00000000
00000000
00000000
00000000
00000000
00000000
00000000
00000000
00000000
00000000
00000000
00000000
00000000
00000000
00000000
00000000
00000000
00000000
00000000
00000000
00000000
00000000
00000000
00000000
00000000
00000000
00000000
00000000
00000000
00000000
00000000
00000000
00000000
00000000
00000000
00000000
00000000
00000000
00000000
00000000
00000000
00000000
00000000
00000000
00000000
00000000
00000000
00000000
00000000
00000000
00000000
00000000
00000000
00000000
00000000
00000000
00000000
00000000
00000000
00000000
00000000
00000000
00000000
00000000
00000000
00000000
00000000
00000000
00000000
00000000
00000000
00000000
00000000
00000000
00000000
00000000
00000000
00000000
00000000
00000000
00000000
00000000
00000000
00000000
00000000
00000000
00000000
00000000
00000000
00000000
00000000
00000000
00000000
00000000
00000000
00000000
00000000
00000000
00000000
00000000
00000000
00000000
00000000
00000000
00000000
00000000
00000000
00000000
00000000
00000000
00000000
00000000
00000000
00000000
00000000
00000000
00000000
00000000
00000000
00000000
00000000
00000000
00000000
00000000
00000000
00000000
00000000
00000000
00000000
00000000
00000000
00000000
00000000
00000000
00000000
00000000
00000000
00000000
00000000
00000000
00000000
00000000
00000000
00000000
00000000
00000000
00000000
00000000
00000000
00000000
00000000
00000000
00000000
00000000
00000000
00000000
00000000
00000000
00000000
00000000
00000000
00000000
00000000
00000000
00000000
00000000
00000000
00000000
00000000
00000000
00000000
00000000
00000000
00000000
00000000
00000000
00000000
00000000
00000000
00000000
00000000
00000000
00000000
00000000
00000000
00000000
00000000
00000000
00000000
00000000
00000000
00000000
00000000
00000000
00000000
00000000
00000000
00000000
00000000
00000000
00000000
00000000
00000000
00000000
00000000
00000000
00000000
00000000
00000000
00000000
00000000
00000000
00000000
00000000
00000000
00000000
00000000
00000000
00000000
00000000
00000000
00000000
00000000
00000000
00000000
00000000
00000000
00000000
00000000
00000000
00000000
00000000
00000000
00000000
00000000
00000000
00000000
00000000
00000000
00000000
00000000
00000000
00000000
00000000
00000000
00000000
00000000
00000000
00000000
00000000
00000000
00000000
00000000
00000000
00000000
00000000
00000000
00000000
00000000
00000000
00000000
00000000
00000000
00000000
00000000
00000000
00000000
00000000
00000000
00000000
00000000
00000000
00000000
00000000
00000000
00000000
00000000
00000000
00000000
00000000
00000000
00000000
00000000
00000000
00000000
00000000
00000000
00000000
00000000
00000000
00000000
00000000
00000000
00000000
00000000
00000000
00000000
00000000
00000000
00000000
00000000
00000000
00000000
00000000
00000000
00000000
00000000
00000000
00000000
00000000
00000000
00000000
00000000
00000000
00000000
00000000
00000000
00000000
00000000
00000000
00000000
00000000
00000000
00000000
00000000
00000000
00000000
00000000
00000000
00000000
00000000
00000000
00000000
00000000
00000000
00000000
00000000
00000000
00000000
00000000
00000000
00000000
00000000
00000000
00000000
00000000
00000000
00000000
00000000
00000000
00000000
00000000
00000000
00000000
00000000
00000000
00000000
00000000
00000000
00000000
00000000
00000000
00000000
00000000
00000000
00000000
00000000
00000000
00000000
00000000
00000000
00000000
00000000
00000000
00000000
00000000
00000000
00000000
00000000
00000000
00000000
00000000
00000000
00000000
00000000
00000000
00000000
00000000
00000000
00000000
00000000
00000000
00000000
00000000
00000000
00000000
00000000
00000000
00000000
00000000
00000000
00000000
00000000
00000000
00000000
00000000
00000000
00000000
00000000
00000000
00000000
00000000
00000000
00000000
00000000
00000000
00000000
00000000
00000000
00000000
00000000
00000000
00000000
00000000
00000000
00000000
00000000
00000000
00000000
00000000
00000000
00000000
00000000
00000000
00000000
00000000
00000000
00000000
00000000
00000000
00000000
00000000
00000000
00000000
00000000
00000000
00000000
00000000
00000000
00000000
00000000
00000000
00000000
00000000
00000000
00000000
00000000
00000000
00000000
00000000
00000000
00000000
00000000
00000000
00000000
00000000
00000000
00000000
00000000
00000000
00000000
00000000
00000000
00000000
00000000
00000000
00000000
00000000
00000000
00000000
00000000
00000000
00000000
00000000
00000000
00000000
00000000
00000000
00000000
00000000
00000000
00000000
00000000
00000000
00000000
00000000
00000000
00000000
00000000
00000000
00000000
00000000
00000000
00000000
00000000
00000000
00000000
00000000
00000000
00000000
00000000
00000000
00000000
00000000
00000000
00000000
00000000
00000000
00000000
00000000
00000000
00000000
00000000
00000000
00000000
00000000
00000000
00000000
00000000
00000000
00000000
00000000
00000000
00000000
00000000
00000000
00000000
00000000
00000000
00000000
00000000
00000000
00000000
00000000
00000000
00000000
00000000
00000000
00000000
00000000
00000000
00000000
00000000
00000000
00000000
00000000
00000000
00000000
00000000
00000000
00000000
00000000
00000000
00000000
00000000
00000000
00000000
00000000
00000000
00000000
00000000
00000000
00000000
00000000
00000000
00000000
00000000
00000000
00000000
00000000
00000000
00000000
00000000
00000000
00000000
00000000
00000000
00000000
00000000
00000000
00000000
00000000
00000000
00000000
00000000
00000000
00000000
00000000
00000000
00000000
00000000
00000000
00000000
00000000
00000000
00000000
00000000
00000000
00000000
00000000
00000000
00000000
00000000
00000000
00000000
00000000
00000000
00000000
00000000
00000000
00000000
00000000
00000000
00000000
00000000
00000000
00000000
00000000
00000000
00000000
00000000
00000000
00000000
00000000
00000000
00000000
00000000
00000000
00000000
00000000
00000000
00000000
00000000
00000000
00000000
00000000
00000000
00000000
00000000
00000000
00000000
00000000
00000000
00000000
00000000
00000000
00000000
00000000
00000000
00000000
00000000
00000000
00000000
00000000
00000000
00000000
00000000
00000000
00000000
00000000
00000000
00000000
00000000
00000000
00000000
00000000
00000000
00000000
00000000
00000000
00000000
00000000
00000000
00000000
00000000
00000000
00000000
00000000
00000000
00000000
00000000
00000000
00000000
00000000
00000000
00000000
00000000
00000000
00000000
00000000
00000000
00000000
00000000
00000000
00000000
00000000
00000000
00000000
00000000
00000000
00000000
00000000
00000000
00000000
00000000
00000000
00000000
00000000
00000000
00000000
00000000
00000000
00000000
00000000
00000000
00000000
00000000
00000000
00000000
00000000
00000000
00000000
00000000
00000000
00000000
00000000
00000000
00000000
00000000
00000000
00000000
00000000
00000000
00000000
00000000
00000000
00000000
00000000
00000000
00000000
00000000
00000000
00000000
00000000
00000000
00000000
00000000
00000000
00000000
00000000
00000000
00000000
00000000
00000000
00000000
00000000
00000000
00000000
00000000
00000000
00000000
00000000
00000000
00000000
00000000
00000000
00000000
00000000
00000000
00000000
00000000
00000000
00000000
00000000
00000000
00000000
00000000
00000000
00000000
00000000
00000000
00000000
00000000
00000000
00000000
00000000
00000000
00000000
00000000
00000000
00000000
00000000
00000000
00000000
00000000
00000000
00000000
00000000
00000000
00000000
00000000
00000000
00000000
00000000
00000000
00000000
00000000
00000000
00000000
00000000
00000000
00000000
00000000
00000000
00000000
00000000
00000000
00000000
00000000
00000000
00000000
00000000
00000000
00000000
00000000
00000000
00000000
00000000
00000000
00000000
00000000
00000000
00000000
00000000
00000000
00000000
00000000
00000000
00000000
00000000
00000000
00000000
00000000
00000000
00000000
00000000
00000000
00000000
00000000
00000000
00000000
00000000
00000000
00000000
00000000
00000000
00000000
00000000
00000000
00000000
00000000
00000000
00000000
00000000
00000000
00000000
00000000
00000000
00000000
00000000
00000000
00000000
00000000
00000000
00000000
00000000
00000000
00000000
00000000
00000000
00000000
00000000
00000000
00000000
00000000
00000000
00000000
00000000
00000000
00000000
00000000
00000000
00000000
00000000
00000000
00000000
00000000
00000000
00000000
00000000
00000000
00000000
00000000
00000000
00000000
00000000
00000000
00000000
00000000
00000000
00000000
00000000
00000000
00000000
00000000
00000000
00000000
00000000
00000000
00000000
00000000
00000000
00000000
00000000
00000000
00000000
00000000
00000000
00000000
00000000
00000000
00000000
00000000
00000000
00000000
00000000
00000000
00000000
00000000
00000000
00000000
00000000
00000000
00000000
00000000
00000000
00000000
00000000
00000000
00000000
00000000
00000000
00000000
00000000
00000000
00000000
00000000
00000000
00000000
00000000
00000000
00000000
00000000
00000000
00000000
00000000
00000000
00000000
00000000
00000000
00000000
00000000
00000000
00000000
00000000
00000000
00000000
00000000
00000000
00000000
00000000
00000000
00000000
00000000
00000000
00000000
00000000
00000000
00000000
00000000
00000000
00000000
00000000
00000000
00000000
00000000
00000000
00000000
00000000
00000000
00000000
00000000
00000000
00000000
00000000
00000000
00000000
00000000
00000000
00000000
00000000
00000000
00000000
00000000
00000000
00000000
00000000
00000000
00000000
00000000
00000000
00000000
00000000
00000000
00000000
00000000
00000000
00000000
00000000
00000000
00000000
00000000
00000000
00000000
00000000
00000000
00000000
00000000
00000000
00000000
00000000
00000000
00000000
00000000
00000000
00000000
00000000
00000000
00000000
00000000
00000000
00000000
00000000
00000000
00000000
00000000
00000000
00000000
00000000
00000000
00000000
00000000
00000000
00000000
00000000
00000000
00000000
00000000
00000000
00000000
00000000
00000000
00000000
00000000
00000000
00000000
00000000
00000000
00000000
00000000
00000000
00000000
00000000
00000000
00000000
00000000
00000000
00000000
00000000
00000000
00000000
00000000
00000000
00000000
00000000
00000000
00000000
00000000
00000000
00000000
00000000
00000000
00000000
00000000
00000000
00000000
00000000
00000000
00000000
00000000
00000000
00000000
00000000
00000000
00000000
00000000
00000000
00000000
00000000
00000000
00000000
00000000
00000000
00000000
00000000
00000000
00000000
00000000
00000000
00000000
00000000
00000000
00000000
00000000
00000000
00000000
00000000
00000000
00000000
00000000
00000000
00000000
00000000
00000000
00000000
00000000
00000000
00000000
00000000
00000000
00000000
00000000
00000000
00000000
00000000
00000000
00000000
00000000
00000000
00000000
00000000
00000000
00000000
00000000
00000000
00000000
00000000
00000000
00000000
00000000
00000000
00000000
00000000
00000000
00000000
00000000
00000000
00000000
00000000
00000000
00000000
00000000
00000000
00000000
00000000
00000000
00000000
00000000
00000000
00000000
00000000
00000000
00000000
00000000
00000000
00000000
00000000
00000000
00000000
00000000
00000000
00000000
00000000
00000000
00000000
00000000
00000000
00000000
00000000
00000000
00000000
00000000
00000000
00000000
00000000
00000000
00000000
00000000
00000000
00000000
00000000
00000000
00000000
00000000
00000000
00000000
00000000
00000000
00000000
00000000
00000000
00000000
00000000
00000000
00000000
00000000
00000000
00000000
00000000
00000000
00000000
00000000
00000000
00000000
00000000
00000000
00000000
00000000
00000000
00000000
00000000
00000000
00000000
00000000
00000000
00000000
00000000
00000000
00000000
00000000
00000000
00000000
00000000
00000000
00000000
00000000
00000000
00000000
00000000
00000000
00000000
00000000
00000000
00000000
00000000
00000000
00000000
00000000
00000000
00000000
00000000
00000000
00000000
00000000
00000000
00000000
00000000
00000000
00000000
00000000
00000000
00000000
00000000
00000000
00000000
00000000
00000000
00000000
00000000
00000000
00000000
00000000
00000000
00000000
00000000
00000000
00000000
00000000
00000000
00000000
00000000
00000000
00000000
00000000
00000000
00000000
00000000
00000000
00000000
00000000
00000000
00000000
00000000
00000000
00000000
00000000
00000000
00000000
00000000
00000000
00000000
00000000
00000000
00000000
00000000
00000000
00000000
00000000
00000000
00000000
00000000
00000000
00000000
00000000
00000000
00000000
00000000
00000000
00000000
00000000
00000000
00000000
00000000
00000000
00000000
00000000
00000000
00000000
00000000
00000000
00000000
00000000
00000000
00000000
00000000
00000000
00000000
00000000
00000000
00000000
00000000
00000000
00000000
00000000
00000000
00000000
00000000
00000000
00000000
00000000
00000000
00000000
00000000
00000000
00000000
00000000
00000000
00000000
00000000
00000000
00000000
00000000
00000000
00000000
00000000
00000000
00000000
00000000
00000000
00000000
00000000
00000000
00000000
00000000
00000000
00000000
00000000
00000000
00000000
00000000
00000000
00000000
00000000
00000000
00000000
00000000
00000000
00000000
00000000
00000000
00000000
00000000
00000000
00000000
00000000
00000000
00000000
00000000
00000000
00000000
00000000
00000000
00000000
00000000
00000000
00000000
00000000
00000000
00000000
00000000
00000000
00000000
00000000
00000000
00000000
00000000
00000000
00000000
00000000
00000000
00000000
00000000
00000000
00000000
00000000
00000000
00000000
00000000
00000000
00000000
00000000
00000000
00000000
00000000
00000000
00000000
00000000
00000000
00000000
00000000
00000000
00000000
00000000
00000000
00000000
00000000
00000000
00000000
00000000
00000000
00000000
00000000
00000000
00000000
00000000
00000000
00000000
00000000
00000000
00000000
00000000
00000000
00000000
00000000
00000000
00000000
00000000
00000000
00000000
00000000
00000000
00000000
00000000
00000000
00000000
00000000
00000000
00000000
00000000
00000000
00000000
00000000
00000000
00000000
00000000
00000000
00000000
00000000
00000000
00000000
00000000
00000000
00000000
00000000
00000000
00000000
00000000
00000000
00000000
00000000
00000000
00000000
00000000
00000000
00000000
00000000
00000000
00000000
00000000
00000000
00000000
00000000
00000000
00000000
00000000
00000000
00000000
00000000
00000000
00000000
00000000
00000000
00000000
00000000
00000000
00000000
00000000
00000000
00000000
00000000
00000000
00000000
00000000
00000000
00000000
00000000
00000000
00000000
00000000
00000000
00000000
00000000
00000000
00000000
00000000
00000000
00000000
00000000
00000000
00000000
00000000
00000000
00000000
00000000
00000000
00000000
00000000
00000000
00000000
00000000
00000000
00000000
00000000
00000000
00000000
00000000
00000000
00000000
00000000
00000000
00000000
00000000
00000000
00000000
00000000
00000000
00000000
00000000
00000000
00000000
00000000
00000000
00000000
00000000
00000000
00000000
00000000
00000000
00000000
00000000
00000000
00000000
00000000
00000000
00000000
00000000
00000000
00000000
00000000
00000000
00000000
00000000
00000000
00000000
00000000
00000000
00000000
00000000
00000000
00000000
00000000
00000000
00000000
00000000
00000000
00000000
00000000
00000000
00000000
00000000
00000000
00000000
00000000
00000000
00000000
00000000
00000000
00000000
00000000
00000000
00000000
00000000
00000000
00000000
00000000
00000000
00000000
00000000
00000000
00000000
00000000
00000000
00000000
00000000
00000000
00000000
00000000
00000000
00000000
00000000
00000000
00000000
00000000
00000000
00000000
00000000
00000000
00000000
00000000
00000000
00000000
00000000
00000000
00000000
00000000
00000000
00000000
00000000
00000000
00000000
00000000
00000000
00000000
00000000
00000000
00000000
00000000
00000000
00000000
00000000
00000000
00000000
00000000
00000000
00000000
00000000
00000000
00000000
00000000
00000000
00000000
00000000
00000000
00000000
00000000
00000000
00000000
00000000
00000000
00000000
00000000
00000000
00000000
00000000
00000000
00000000
00000000
00000000
00000000
00000000
00000000
00000000
00000000
00000000
00000000
00000000
00000000
00000000
00000000
00000000
00000000
00000000
00000000
00000000
00000000
00000000
00000000
00000000
00000000
00000000
00000000
00000000
00000000
00000000
00000000
00000000
00000000
00000000
00000000
00000000
00000000
00000000
00000000
00000000
00000000
00000000
00000000
00000000
00000000
00000000
00000000
00000000
00000000
00000000
00000000
00000000
00000000
00000000
00000000
00000000
00000000
00000000
00000000
00000000
00000000
00000000
00000000
00000000
00000000
00000000
00000000
00000000
00000000
00000000
00000000
00000000
00000000
00000000
00000000
00000000
00000000
00000000
00000000
00000000
00000000
00000000
00000000
00000000
00000000
00000000
00000000
00000000
00000000
00000000
00000000
00000000
00000000
00000000
00000000
00000000
00000000
00000000
00000000
00000000
00000000
00000000
00000000
00000000
00000000
00000000
00000000
00000000
00000000
00000000
00000000
00000000
00000000
00000000
00000000
00000000
00000000
00000000
00000000
00000000
00000000
00000000
00000000
00000000
00000000
00000000
00000000
00000000
00000000
00000000
00000000
00000000
00000000
00000000
00000000
00000000
00000000
00000000
00000000
00000000
00000000
00000000
00000000
00000000
00000000
00000000
00000000
00000000
00000000
00000000
00000000
00000000
00000000
00000000
00000000
00000000
00000000
00000000
00000000
00000000
00000000
00000000
00000000
00000000
00000000
00000000
00000000
00000000
00000000
00000000
00000000
00000000
00000000
00000000
00000000
00000000
00000000
00000000
00000000
00000000
00000000
00000000
00000000
00000000
00000000
00000000
00000000
00000000
00000000
00000000
00000000
00000000
00000000
00000000
00000000
00000000
00000000
00000000
00000000
00000000
00000000
00000000
00000000
00000000
00000000
00000000
00000000
00000000
00000000
00000000
00000000
00000000
00000000
00000000
00000000
00000000
00000000
00000000
00000000
00000000
00000000
00000000
00000000
00000000
00000000
00000000
00000000
00000000
00000000
00000000
00000000
00000000
00000000
00000000
00000000
00000000
00000000
00000000
00000000
00000000
00000000
00000000
00000000
00000000
00000000
00000000
00000000
00000000
00000000
00000000
00000000
00000000
00000000
00000000
00000000
00000000
00000000
00000000
00000000
00000000
00000000
00000000
00000000
00000000
00000000
00000000
00000000
00000000
00000000
00000000
00000000
00000000
00000000
00000000
00000000
00000000
00000000
00000000
00000000
00000000
00000000
00000000
00000000
00000000
00000000
00000000
00000000
00000000
00000000
00000000
00000000
00000000
00000000
00000000
00000000
00000000
00000000
00000000
00000000
00000000
00000000
00000000
00000000
00000000
00000000
00000000
00000000
00000000
00000000
00000000
00000000
00000000
00000000
00000000
00000000
00000000
00000000
00000000
00000000
00000000
00000000
00000000
00000000
00000000
00000000
00000000
00000000
00000000
00000000
00000000
00000000
00000000
00000000
00000000
00000000
00000000
00000000
00000000
00000000
00000000
00000000
00000000
00000000
00000000
00000000
00000000
00000000
00000000
00000000
00000000
00000000
00000000
00000000
00000000
00000000
00000000
00000000
00000000
00000000
00000000
00000000
00000000
00000000
00000000
00000000
00000000
00000000
00000000
00000000
00000000
00000000
00000000
00000000
00000000
00000000
00000000
00000000
00000000
00000000
00000000
00000000
00000000
00000000
00000000
00000000
00000000
00000000
00000000
00000000
00000000
00000000
00000000
00000000
00000000
00000000
00000000
00000000
00000000
00000000
00000000
00000000
00000000
00000000
00000000
00000000
00000000
00000000
00000000
00000000
00000000
00000000
00000000
00000000
00000000
00000000
00000000
00000000
00000000
00000000
00000000
00000000
00000000
00000000
00000000
00000000
00000000
00000000
00000000
00000000
00000000
00000000
00000000
00000000
00000000
00000000
00000000
00000000
00000000
00000000
00000000
00000000
00000000
00000000
00000000
00000000
00000000
00000000
00000000
00000000
00000000
00000000
00000000
00000000
00000000
00000000
00000000
00000000
00000000
00000000
00000000
00000000
00000000
00000000
00000000
00000000
00000000
00000000
00000000
00000000
00000000
00000000
00000000
00000000
00000000
00000000
00000000
00000000
00000000
00000000
00000000
00000000
00000000
00000000
00000000
00000000
00000000
00000000
00000000
00000000
00000000
00000000
00000000
00000000
00000000
00000000
00000000
00000000
00000000
00000000
00000000
00000000
00000000
00000000
00000000
00000000
00000000
00000000
00000000
00000000
00000000
00000000
00000000
00000000
00000000
00000000
00000000
00000000
00000000
00000000
00000000
00000000
00000000
00000000
00000000
00000000
00000000
00000000
00000000
00000000
00000000
00000000
00000000
00000000
00000000
00000000
00000000
00000000
00000000
00000000
00000000
00000000
00000000
00000000
00000000
00000000
00000000
00000000
00000000
00000000
00000000
00000000
00000000
00000000
00000000
00000000
00000000
00000000
00000000
00000000
00000000
00000000
00000000
00000000
00000000
00000000
00000000
00000000
00000000
00000000
00000000
00000000
00000000
00000000
00000000
00000000
00000000
00000000
00000000
00000000
00000000
00000000
00000000
00000000
00000000
00000000
00000000
00000000
00000000
00000000
00000000
00000000
00000000
00000000
00000000
00000000
00000000
00000000
00000000
00000000
00000000
00000000
00000000
00000000
00000000
00000000
00000000
00000000
00000000
00000000
00000000
00000000
00000000
00000000
00000000
00000000
00000000
00000000
00000000
00000000
00000000
00000000
00000000
00000000
00000000
00000000
00000000
00000000
00000000
00000000
00000000
00000000
00000000
00000000
00000000
00000000
00000000
00000000
00000000
00000000
00000000
00000000
00000000
00000000
00000000
00000000
00000000
00000000
00000000
00000000
00000000
00000000
00000000
00000000
00000000
00000000
00000000
00000000
00000000
00000000
00000000
00000000
00000000
00000000
00000000
00000000
00000000
00000000
00000000
00000000
00000000
00000000
00000000
00000000
00000000
00000000
00000000
00000000
00000000
00000000
00000000
00000000
00000000
00000000
00000000
00000000
00000000
00000000
00000000
00000000
00000000
00000000
00000000
00000000
00000000
00000000
00000000
00000000
00000000
00000000
00000000
00000000
00000000
00000000
00000000
00000000
00000000
00000000
00000000
00000000
00000000
00000000
00000000
00000000
00000000
00000000
00000000
00000000
00000000
00000000
00000000
00000000
00000000
00000000
00000000
00000000
00000000
00000000
00000000
00000000
00000000
00000000
00000000
00000000
00000000
00000000
00000000
00000000
00000000
00000000
00000000
00000000
00000000
00000000
00000000
00000000
00000000
00000000
00000000
00000000
00000000
00000000
00000000
00000000
00000000
00000000
00000000
00000000
00000000
00000000
00000000
00000000
00000000
00000000
00000000
00000000
00000000
00000000
00000000
00000000
00000000
00000000
00000000
00000000
00000000
00000000
00000000
00000000
00000000
00000000
00000000
00000000
00000000
00000000
00000000
00000000
00000000
00000000
00000000
00000000
00000000
00000000
00000000
00000000
00000000
00000000
00000000
00000000
00000000
00000000
00000000
00000000
00000000
00000000
00000000
00000000
00000000
00000000
00000000
00000000
00000000
00000000
00000000
00000000
00000000
00000000
00000000
00000000
00000000
00000000
00000000
00000000
00000000
00000000
00000000
00000000
00000000
00000000
00000000
00000000
00000000
00000000
00000000
00000000
00000000
00000000
00000000
00000000
00000000
00000000
00000000
00000000
00000000
00000000
00000000
00000000
00000000
00000000
00000000
00000000
00000000
00000000
00000000
00000000
00000000
00000000
00000000
00000000
00000000
00000000
00000000
00000000
00000000
00000000
00000000
00000000
00000000
00000000
00000000
00000000
00000000
00000000
00000000
00000000
00000000
00000000
00000000
00000000
00000000
00000000
00000000
00000000
00000000
00000000
00000000
00000000
00000000
00000000
00000000
00000000
00000000
00000000
00000000
00000000
00000000
00000000
00000000
00000000
00000000
00000000
00000000
00000000
00000000
00000000
00000000
00000000
00000000
00000000
00000000
00000000
00000000
00000000
00000000
00000000
00000000
00000000
00000000
00000000
00000000
00000000
00000000
00000000
00000000
00000000
00000000
00000000
00000000
00000000
00000000
00000000
00000000
00000000
00000000
00000000
00000000
00000000
00000000
00000000
00000000
00000000
00000000
00000000
00000000
00000000
00000000
00000000
00000000
00000000
00000000
00000000
00000000
00000000
00000000
00000000
00000000
00000000
00000000
00000000
00000000
00000000
00000000
00000000
00000000
00000000
00000000
00000000
00000000
00000000
00000000
00000000
00000000
00000000
00000000
00000000
00000000
00000000
00000000
00000000
00000000
00000000
00000000
00000000
00000000
00000000
00000000
00000000
00000000
00000000
00000000
00000000
00000000
00000000
00000000
00000000
00000000
00000000
00000000
00000000
00000000
00000000
00000000
00000000
00000000
00000000
00000000
00000000
00000000
00000000
00000000
00000000
00000000
00000000
00000000
00000000
00000000
00000000
00000000
00000000
00000000
00000000
00000000
00000000
00000000
00000000
00000000
00000000
00000000
00000000
00000000
00000000
00000000
00000000
00000000
00000000
00000000
00000000
00000000
00000000
00000000
00000000
00000000
00000000
00000000
00000000
00000000
00000000
00000000
00000000
00000000
00000000
00000000
00000000
00000000
00000000
00000000
00000000
00000000
00000000
00000000
00000000
00000000
00000000
00000000
00000000
00000000
00000000
00000000
00000000
00000000
00000000
00000000
00000000
00000000
00000000
00000000
00000000
00000000
00000000
00000000
00000000
00000000
00000000
00000000
00000000
00000000
00000000
00000000
00000000
00000000
00000000
00000000
00000000
00000000
00000000
00000000
00000000
00000000
00000000
00000000
00000000
00000000
00000000
00000000
00000000
00000000
00000000
00000000
00000000
00000000
00000000
00000000
00000000
00000000
00000000
00000000
00000000
00000000
00000000
00000000
00000000
00000000
00000000
00000000
00000000
00000000
00000000
00000000
00000000
00000000
00000000
00000000
00000000
00000000
00000000
00000000
00000000
00000000
00000000
00000000
00000000
00000000
00000000
00000000
00000000
00000000
00000000
00000000
00000000
00000000
00000000
00000000
00000000
00000000
00000000
00000000
00000000
00000000
00000000
00000000
00000000
00000000
00000000
00000000
00000000
00000000
00000000
00000000
00000000
00000000
00000000
00000000
00000000
00000000
00000000
00000000
00000000
00000000
00000000
00000000
00000000
00000000
00000000
00000000
00000000
00000000
00000000
00000000
00000000
00000000
00000000
00000000
00000000
00000000
00000000
00000000
00000000
00000000
00000000
00000000
00000000
00000000
00000000
00000000
00000000
00000000
00000000
00000000
00000000
00000000
00000000
00000000
00000000
00000000
00000000
00000000
00000000
00000000
00000000
00000000
00000000
00000000
00000000
00000000
00000000
00000000
00000000
00000000
00000000
00000000
00000000
00000000
00000000
00000000
00000000
00000000
00000000
00000000
00000000
00000000
00000000
00000000
00000000
00000000
00000000
00000000
00000000
00000000
00000000
00000000
00000000
00000000
00000000
00000000
00000000
00000000
00000000
00000000
00000000
00000000
00000000
00000000
00000000
00000000
00000000
00000000
00000000
00000000
00000000
00000000
00000000
00000000
00000000
00000000
00000000
00000000
00000000
00000000
00000000
00000000
00000000
00000000
00000000
00000000
00000000
00000000
00000000
00000000
00000000
00000000
00000000
00000000
00000000
00000000
00000000
00000000
00000000
00000000
00000000
00000000
00000000
00000000
00000000
00000000
00000000
00000000
00000000
00000000
00000000
00000000
00000000
00000000
00000000
00000000
00000000
00000000
00000000
00000000
00000000
00000000
00000000
00000000
00000000
00000000
00000000
00000000
00000000
00000000
00000000
00000000
00000000
00000000
00000000
00000000
00000000
00000000
00000000
00000000
00000000
00000000
00000000
00000000
00000000
00000000
00000000
00000000
00000000
00000000
00000000
00000000
00000000
00000000
00000000
00000000
00000000
00000000
00000000
00000000
00000000
00000000
00000000
00000000
00000000
00000000
00000000
00000000
00000000
00000000
00000000
00000000
00000000
00000000
00000000
00000000
00000000
00000000
00000000
00000000
00000000
00000000
00000000
00000000
00000000
00000000
00000000
00000000
00000000
00000000
00000000
00000000
00000000
00000000
00000000
00000000
00000000
00000000
00000000
00000000
00000000
00000000
00000000
00000000
00000000
00000000
00000000
00000000
00000000
00000000
00000000
00000000
00000000
00000000
00000000
00000000
00000000
00000000
00000000
00000000
00000000
00000000
00000000
00000000
00000000
00000000
00000000
00000000
00000000
00000000
00000000
00000000
00000000
00000000
00000000
00000000
00000000
00000000
00000000
00000000
00000000
00000000
00000000
00000000
00000000
00000000
00000000
00000000
00000000
00000000
00000000
00000000
00000000
00000000
00000000
00000000
00000000
00000000
00000000
00000000
00000000
00000000
00000000
00000000
00000000
00000000
00000000
00000000
00000000
00000000
00000000
00000000
00000000
00000000
00000000
00000000
00000000
00000000
00000000
00000000
00000000
00000000
00000000
00000000
00000000
00000000
00000000
00000000
00000000
00000000
00000000
00000000
00000000
00000000
00000000
00000000
00000000
00000000
00000000
00000000
00000000
00000000
00000000
00000000
00000000
00000000
00000000
00000000
00000000
00000000
00000000
00000000
00000000
00000000
00000000
00000000
00000000
00000000
00000000
00000000
00000000
00000000
00000000
00000000
00000000
00000000
00000000
00000000
00000000
00000000
00000000
00000000
00000000
00000000
00000000
00000000
00000000
00000000
00000000
00000000
00000000
00000000
00000000
00000000
00000000
00000000
00000000
00000000
00000000
00000000
00000000
00000000
00000000
00000000
00000000
00000000
00000000
00000000
00000000
00000000
00000000
00000000
00000000
00000000
00000000
00000000
00000000
00000000
00000000
00000000
00000000
00000000
00000000
00000000
00000000
00000000
00000000
00000000
00000000
00000000
00000000
00000000
00000000
00000000
00000000
00000000
00000000
00000000
00000000
00000000
00000000
00000000
00000000
00000000
00000000
00000000
00000000
00000000
00000000
00000000
00000000
00000000
00000000
00000000
00000000
00000000
00000000
00000000
00000000
00000000
00000000
00000000
00000000
00000000
00000000
00000000
00000000
00000000
00000000
00000000
00000000
00000000
00000000
00000000
00000000
00000000
00000000
00000000
00000000
00000000
00000000
00000000
00000000
00000000
00000000
00000000
00000000
00000000
00000000
00000000
00000000
00000000
00000000
00000000
00000000
00000000
00000000
00000000
00000000
00000000
00000000
00000000
00000000
00000000
00000000
00000000
00000000
00000000
00000000
00000000
00000000
00000000
00000000
00000000
00000000
00000000
00000000
00000000
00000000
00000000
00000000
00000000
00000000
00000000
00000000
00000000
00000000
00000000
00000000
00000000
00000000
00000000
00000000
00000000
00000000
00000000
00000000
00000000
00000000
00000000
00000000
00000000
00000000
00000000
00000000
00000000
00000000
00000000
00000000
00000000
00000000
00000000
00000000
00000000
00000000
00000000
00000000
00000000
00000000
00000000
00000000
00000000
00000000
00000000
00000000
00000000
00000000
00000000
00000000
00000000
00000000
00000000
00000000
00000000
00000000
00000000
00000000
00000000
00000000
00000000
00000000
00000000
00000000
00000000
00000000
00000000
00000000
00000000
00000000
00000000
00000000
00000000
00000000
00000000
00000000
00000000
00000000
00000000
00000000
00000000
00000000
00000000
00000000
00000000
00000000
00000000
00000000
00000000
00000000
00000000
00000000
00000000
00000000
00000000
00000000
00000000
00000000
00000000
00000000
00000000
00000000
00000000
00000000
00000000
00000000
00000000
00000000
00000000
00000000
00000000
00000000
00000000
00000000
00000000
00000000
00000000
00000000
00000000
00000000
00000000
00000000
00000000
00000000
00000000
00000000
00000000
00000000
00000000
00000000
00000000
00000000
00000000
00000000
00000000
00000000
00000000
00000000
00000000
00000000
00000000
00000000
00000000
00000000
00000000
00000000
00000000
00000000
00000000
00000000
00000000
00000000
00000000
00000000
00000000
00000000
00000000
00000000
00000000
00000000
00000000
00000000
00000000
00000000
00000000
00000000
00000000
00000000
00000000
00000000
00000000
00000000
00000000
00000000
00000000
00000000
00000000
00000000
00000000
00000000
00000000
00000000
00000000
00000000
00000000
00000000
00000000
00000000
00000000
00000000
00000000
00000000
00000000
00000000
00000000
00000000
00000000
00000000
00000000
00000000
00000000
00000000
00000000
00000000
00000000
00000000
00000000
00000000
00000000
00000000
00000000
00000000
00000000
00000000
00000000
00000000
00000000
00000000
00000000
00000000
00000000
00000000
00000000
00000000
00000000
00000000
00000000
00000000
00000000
00000000
00000000
00000000
00000000
00000000
00000000
00000000
00000000
00000000
00000000
00000000
00000000
00000000
00000000
00000000
00000000
00000000
00000000
00000000
00000000
00000000
00000000
00000000
00000000
00000000
00000000
00000000
00000000
00000000
00000000
00000000
00000000
00000000
00000000
00000000
00000000
00000000
00000000
00000000
00000000
00000000
00000000
00000000
00000000
00000000
00000000
00000000
00000000
00000000
00000000
00000000
00000000
00000000
00000000
00000000
00000000
00000000
00000000
00000000
00000000
00000000
00000000
00000000
00000000
00000000
00000000
00000000
00000000
00000000
00000000
00000000
00000000
00000000
00000000
00000000
00000000
00000000
00000000
00000000
00000000
00000000
00000000
00000000
00000000
00000000
00000000
00000000
00000000
00000000
00000000
00000000
00000000
00000000
00000000
00000000
00000000
00000000
00000000
00000000
00000000
00000000
00000000
00000000
00000000
00000000
00000000
00000000
00000000
00000000
00000000
00000000
00000000
00000000
00000000
00000000
00000000
00000000
00000000
00000000
00000000
00000000
00000000
00000000
00000000
00000000
00000000
00000000
00000000
00000000
00000000
00000000
00000000
00000000
00000000
00000000
00000000
00000000
00000000
00000000
00000000
00000000
00000000
00000000
00000000
00000000
00000000
00000000
00000000
00000000
00000000
00000000
00000000
00000000
00000000
00000000
00000000
00000000
00000000
00000000
00000000
00000000
00000000
00000000
00000000
00000000
00000000
00000000
00000000
00000000
00000000
00000000
00000000
00000000
00000000
00000000
00000000
00000000
00000000
00000000
00000000
00000000
00000000
00000000
00000000
00000000
00000000
00000000
00000000
00000000
00000000
00000000
00000000
00000000
00000000
00000000
00000000
00000000
00000000
00000000
00000000
00000000
00000000
00000000
00000000
00000000
00000000
00000000
00000000
00000000
00000000
00000000
00000000
00000000
00000000
00000000
00000000
00000000
00000000
00000000
00000000
00000000
00000000
00000000
00000000
00000000
00000000
00000000
00000000
00000000
00000000
00000000
00000000
00000000
00000000
00000000
00000000
00000000
00000000
00000000
00000000
00000000
00000000
00000000
00000000
00000000
00000000
00000000
00000000
00000000
00000000
00000000
00000000
00000000
00000000
00000000
00000000
00000000
00000000
00000000
00000000
00000000
00000000
00000000
00000000
00000000
00000000
00000000
00000000
00000000
00000000
00000000
00000000
00000000
00000000
00000000
00000000
00000000
00000000
00000000
00000000
00000000
00000000
00000000
00000000
00000000
00000000
00000000
00000000
00000000
00000000
00000000
00000000
00000000
00000000
00000000
00000000
00000000
00000000
00000000
00000000
00000000
00000000
00000000
00000000
00000000
00000000
00000000
00000000
00000000
00000000
00000000
00000000
00000000
00000000
00000000
00000000
00000000
00000000
00000000
00000000
00000000
00000000
00000000
00000000
00000000
00000000
00000000
00000000
00000000
00000000
00000000
00000000
00000000
00000000
00000000
00000000
00000000
00000000
00000000
00000000
00000000
00000000
00000000
00000000
00000000
00000000
00000000
00000000
00000000
00000000
00000000
00000000
00000000
00000000
00000000
00000000
00000000
00000000
00000000
00000000
00000000
00000000
00000000
00000000
00000000
00000000
00000000
00000000
00000000
00000000
00000000
00000000
00000000
00000000
00000000
00000000
00000000
00000000
00000000
00000000
00000000
00000000
00000000
00000000
00000000
00000000
00000000
00000000
00000000
00000000
00000000
00000000
00000000
00000000
00000000
00000000
00000000
00000000
00000000
00000000
00000000
00000000
00000000
00000000
00000000
00000000
00000000
00000000
00000000
00000000
00000000
00000000
00000000
00000000
00000000
00000000
00000000
00000000
00000000
00000000
00000000
00000000
00000000
00000000
00000000
00000000
00000000
00000000
00000000
00000000
00000000
00000000
00000000
00000000
00000000
00000000
00000000
00000000
00000000
00000000
00000000
00000000
00000000
00000000
00000000
00000000
00000000
00000000
00000000
00000000
00000000
00000000
00000000
00000000
00000000
00000000
00000000
00000000
00000000
00000000
00000000
00000000
00000000
00000000
00000000
00000000
00000000
00000000
00000000
00000000
00000000
00000000
00000000
00000000
00000000
00000000
00000000
00000000
00000000
00000000
00000000
00000000
00000000
00000000
00000000
00000000
00000000
00000000
00000000
00000000
00000000
00000000
00000000
00000000
00000000
00000000
00000000
00000000
00000000
00000000
00000000
00000000
00000000
00000000
00000000
00000000
00000000
00000000
00000000
00000000
00000000
00000000
00000000
00000000
00000000
00000000
00000000
00000000
00000000
00000000
00000000
00000000
00000000
00000000
00000000
00000000
00000000
00000000
00000000
00000000
00000000
00000000
00000000
00000000
00000000
00000000
00000000
00000000
00000000
00000000
00000000
00000000
00000000
00000000
00000000
00000000
00000000
00000000
00000000
00000000
00000000
00000000
00000000
00000000
00000000
00000000
00000000
00000000
00000000
00000000
00000000
00000000
00000000
00000000
00000000
00000000
00000000
00000000
00000000
00000000
00000000
00000000
00000000
00000000
00000000
00000000
00000000
00000000
00000000
00000000
00000000
00000000
00000000
00000000
00000000
00000000
00000000
00000000
00000000
00000000
00000000
00000000
00000000
00000000
00000000
00000000
00000000
00000000
00000000
00000000
00000000
00000000
00000000
00000000
00000000
00000000
00000000
00000000
00000000
00000000
00000000
00000000
00000000
00000000
00000000
00000000
00000000
00000000
00000000
00000000
00000000
00000000
00000000
00000000
00000000
00000000
00000000
00000000
00000000
00000000
00000000
00000000
00000000
00000000
00000000
00000000
00000000
00000000
00000000
00000000
00000000
00000000
00000000
00000000
00000000
00000000
00000000
00000000
00000000
00000000
00000000
00000000
00000000
00000000
00000000
00000000
00000000
00000000
00000000
00000000
00000000
00000000
00000000
00000000
00000000
00000000
00000000
00000000
00000000
00000000
00000000
00000000
00000000
00000000
00000000
00000000
00000000
00000000
00000000
00000000
00000000
00000000
00000000
00000000
00000000
00000000
00000000
00000000
00000000
00000000
00000000
00000000
00000000
00000000
00000000
00000000
00000000
00000000
00000000
00000000
00000000
00000000
00000000
00000000
00000000
00000000
00000000
00000000
00000000
00000000
00000000
00000000
00000000
00000000
00000000
00000000
00000000
00000000
00000000
00000000
00000000
00000000
00000000
00000000
00000000
00000000
00000000
00000000
00000000
00000000
00000000
00000000
00000000
00000000
00000000
00000000
00000000
00000000
00000000
00000000
00000000
00000000
00000000
00000000
00000000
00000000
00000000
00000000
00000000
00000000
00000000
00000000
00000000
00000000
00000000
00000000
00000000
00000000
00000000
00000000
00000000
00000000
00000000
00000000
00000000
00000000
00000000
00000000
00000000
00000000
00000000
00000000
00000000
00000000
00000000
00000000
00000000
00000000
00000000
00000000
00000000
00000000
00000000
00000000
00000000
00000000
00000000
00000000
00000000
00000000
00000000
00000000
00000000
00000000
00000000
00000000
00000000
00000000
00000000
00000000
00000000
00000000
00000000
00000000
00000000
00000000
00000000
00000000
00000000
00000000
00000000
00000000
00000000
00000000
00000000
00000000
00000000
00000000
00000000
00000000
00000000
00000000
00000000
00000000
00000000
00000000
00000000
00000000
00000000
00000000
00000000
00000000
00000000
00000000
00000000
00000000
00000000
00000000
00000000
00000000
00000000
00000000
00000000
00000000
00000000
00000000
00000000
00000000
00000000
00000000
00000000
00000000
00000000
00000000
00000000
00000000
00000000
00000000
00000000
00000000
00000000
00000000
00000000
00000000
00000000
00000000
00000000
00000000
00000000
00000000
00000000
00000000
00000000
00000000
00000000
00000000
00000000
00000000
00000000
00000000
00000000
00000000
00000000
00000000
00000000
00000000
00000000
00000000
00000000
00000000
00000000
00000000
00000000
00000000
00000000
00000000
00000000
00000000
00000000
00000000
00000000
00000000
00000000
00000000
00000000
00000000
00000000
00000000
00000000
00000000
00000000
00000000
00000000
00000000
00000000
00000000
00000000
00000000
00000000
00000000
00000000
00000000
00000000
00000000
00000000
00000000
00000000
00000000
00000000
00000000
00000000
00000000
00000000
00000000
00000000
00000000
00000000
00000000
00000000
00000000
00000000
00000000
00000000
00000000
00000000
00000000
00000000
00000000
00000000
00000000
00000000
00000000
00000000
00000000
00000000
00000000
00000000
00000000
00000000
00000000
00000000
00000000
00000000
00000000
00000000
00000000
00000000
00000000
00000000
00000000
00000000
00000000
00000000
00000000
00000000
00000000
00000000
00000000
00000000
00000000
00000000
00000000
00000000
00000000
00000000
00000000
00000000
00000000
00000000
00000000
00000000
00000000
00000000
00000000
00000000
00000000
00000000
00000000
00000000
00000000
00000000
00000000
00000000
00000000
00000000
00000000
00000000
00000000
00000000
00000000
00000000
00000000
00000000
00000000
00000000
00000000
00000000
00000000
00000000
00000000
00000000
00000000
00000000
00000000
00000000
00000000
00000000
00000000
00000000
00000000
00000000
00000000
00000000
00000000
00000000
00000000
00000000
00000000
00000000
00000000
00000000
00000000
00000000
00000000
00000000
00000000
00000000
00000000
00000000
00000000
00000000
00000000
00000000
00000000
00000000
00000000
00000000
00000000
00000000
00000000
00000000
00000000
00000000
00000000
00000000
00000000
00000000
00000000
00000000
00000000
00000000
00000000
00000000
00000000
00000000
00000000
00000000
00000000
00000000
00000000
00000000
00000000
00000000
00000000
00000000
00000000
00000000
00000000
00000000
00000000
00000000
00000000
00000000
00000000
00000000
00000000
00000000
00000000
00000000
00000000
00000000
00000000
00000000
00000000
00000000
00000000
00000000
00000000
00000000
00000000
00000000
00000000
00000000
00000000
00000000
00000000
00000000
00000000
00000000
00000000
00000000
00000000
00000000
00000000
00000000
00000000
00000000
00000000
00000000
00000000
00000000
00000000
00000000
00000000
00000000
00000000
00000000
00000000
00000000
00000000
00000000
00000000
00000000
00000000
00000000
00000000
00000000
00000000
00000000
00000000
00000000
00000000
00000000
00000000
00000000
00000000
00000000
00000000
00000000
00000000
00000000
00000000
00000000
00000000
00000000
00000000
00000000
00000000
00000000
00000000
00000000
00000000
00000000
00000000
00000000
00000000
00000000
00000000
00000000
00000000
00000000
00000000
00000000
00000000
00000000
00000000
00000000
00000000
00000000
00000000
00000000
00000000
00000000
00000000
00000000
00000000
00000000
00000000
00000000
00000000
00000000
00000000
00000000
00000000
00000000
00000000
00000000
00000000
00000000
00000000
00000000
00000000
00000000
00000000
00000000
00000000
00000000
00000000
00000000
00000000
00000000
00000000
00000000
00000000
00000000
00000000
00000000
00000000
00000000
00000000
00000000
00000000
00000000
00000000
00000000
00000000
00000000
00000000
00000000
00000000
00000000
00000000
00000000
00000000
00000000
00000000
00000000
00000000
00000000
00000000
00000000
00000000
00000000
00000000
00000000
00000000
00000000
00000000
00000000
00000000
00000000
00000000
00000000
00000000
00000000
00000000
00000000
00000000
00000000
00000000
00000000
00000000
00000000
00000000
00000000
00000000
00000000
00000000
00000000
00000000
00000000
00000000
00000000
00000000
00000000
00000000
00000000
00000000
00000000
00000000
00000000
00000000
00000000
00000000
00000000
00000000
00000000
00000000
00000000
00000000
00000000
00000000
00000000
00000000
00000000
00000000
00000000
00000000
00000000
00000000
00000000
00000000
00000000
00000000
00000000
00000000
00000000
00000000
00000000
00000000
00000000
00000000
00000000
00000000
00000000
00000000
00000000
00000000
00000000
00000000
00000000
00000000
00000000
00000000
00000000
00000000
00000000
00000000
00000000
00000000
00000000
00000000
00000000
00000000
00000000
00000000
00000000
00000000
00000000
00000000
00000000
00000000
00000000
00000000
00000000
00000000
00000000
00000000
00000000
00000000
00000000
00000000
00000000
00000000
00000000
00000000
00000000
00000000
00000000
00000000
00000000
00000000
00000000
00000000
00000000
00000000
00000000
00000000
00000000
00000000
00000000
00000000
00000000
00000000
00000000
00000000
00000000
00000000
00000000
00000000
00000000
00000000
00000000
00000000
00000000
00000000
00000000
00000000
00000000
00000000
00000000
00000000
00000000
00000000
00000000
00000000
00000000
00000000
00000000
00000000
00000000
00000000
00000000
00000000
00000000
00000000
00000000
00000000
00000000
00000000
00000000
00000000
00000000
00000000
00000000
00000000
00000000
00000000
00000000
00000000
00000000
00000000
00000000
00000000
00000000
00000000
00000000
00000000
00000000
00000000
00000000
00000000
00000000
00000000
00000000
00000000
00000000
00000000
00000000
00000000
00000000
00000000
00000000
00000000
00000000
00000000
00000000
00000000
00000000
00000000
00000000
00000000
00000000
00000000
00000000
00000000
00000000
00000000
00000000
00000000
00000000
00000000
00000000
00000000
00000000
00000000
00000000
00000000
00000000
00000000
00000000
00000000
00000000
00000000
00000000
00000000
00000000
00000000
00000000
00000000
00000000
00000000
00000000
00000000
00000000
00000000
00000000
00000000
00000000
00000000
00000000
00000000
00000000
00000000
00000000
00000000
00000000
00000000
00000000
00000000
00000000
00000000
00000000
00000000
00000000
00000000
00000000
00000000
00000000
00000000
00000000
00000000
00000000
00000000
00000000
00000000
00000000
00000000
00000000
00000000
00000000
00000000
00000000
00000000
00000000
00000000
00000000
00000000
00000000
00000000
00000000
00000000
00000000
00000000
00000000
00000000
00000000
00000000
00000000
00000000
00000000
00000000
00000000
00000000
00000000
00000000
00000000
00000000
00000000
00000000
00000000
00000000
00000000
00000000
00000000
00000000
00000000
00000000
00000000
00000000
00000000
00000000
00000000
00000000
00000000
00000000
00000000
00000000
00000000
00000000
00000000
00000000
00000000
00000000
00000000
00000000
00000000
00000000
00000000
00000000
00000000
00000000
00000000
00000000
00000000
00000000
00000000
00000000
00000000
00000000
00000000
00000000
00000000
00000000
00000000
00000000
00000000
00000000
00000000
00000000
00000000
00000000
00000000
00000000
00000000
00000000
00000000
00000000
00000000
00000000
00000000
00000000
00000000
00000000
00000000
00000000
00000000
00000000
00000000
00000000
00000000
00000000
00000000
00000000
00000000
00000000
00000000
00000000
00000000
00000000
00000000
00000000
00000000
00000000
00000000
00000000
00000000
00000000
00000000
00000000
00000000
00000000
00000000
00000000
00000000
00000000
00000000
00000000
00000000
00000000
00000000
00000000
00000000
00000000
00000000
00000000
00000000
00000000
00000000
00000000
00000000
00000000
00000000
00000000
00000000
00000000
00000000
00000000
00000000
00000000
00000000
00000000
00000000
00000000
00000000
00000000
00000000
00000000
00000000
00000000
00000000
00000000
00000000
00000000
00000000
00000000
00000000
00000000
00000000
00000000
00000000
00000000
00000000
00000000
00000000
00000000
00000000
00000000
00000000
00000000
00000000
00000000
00000000
00000000
00000000
00000000
00000000
00000000
00000000
00000000
00000000
00000000
00000000
00000000
00000000
00000000
00000000
00000000
00000000
00000000
00000000
00000000
00000000
00000000
00000000
00000000
00000000
00000000
00000000
00000000
00000000
00000000
00000000
00000000
00000000
00000000
00000000
00000000
00000000
00000000
00000000
00000000
00000000
00000000
00000000
00000000
00000000
00000000
00000000
00000000
00000000
00000000
00000000
00000000
00000000
00000000
00000000
00000000
00000000
00000000
00000000
00000000
00000000
00000000
00000000
00000000
00000000
00000000
00000000
00000000
00000000
00000000
00000000
00000000
00000000
00000000
00000000
00000000
00000000
00000000
00000000
00000000
00000000
00000000
00000000
00000000
00000000
00000000
00000000
00000000
00000000
00000000
00000000
00000000
00000000
00000000
00000000
00000000
00000000
00000000
00000000
00000000
00000000
00000000
00000000
00000000
00000000
00000000
00000000
00000000
00000000
00000000
00000000
00000000
00000000
00000000
00000000
00000000
00000000
00000000
00000000
00000000
00000000
00000000
00000000
00000000
00000000
00000000
00000000
00000000
00000000
00000000
00000000
00000000
00000000
00000000
00000000
00000000
00000000
00000000
00000000
00000000
00000000
00000000
00000000
00000000
00000000
00000000
00000000
00000000
00000000
00000000
00000000
00000000
00000000
00000000
00000000
00000000
00000000
00000000
00000000
00000000
00000000
00000000
00000000
00000000
00000000
00000000
00000000
00000000
00000000
00000000
00000000
00000000
00000000
00000000
00000000
00000000
00000000
00000000
00000000
00000000
00000000
00000000
00000000
00000000
00000000
00000000
00000000
00000000
00000000
00000000
00000000
00000000
00000000
00000000
00000000
00000000
00000000
00000000
00000000
00000000
00000000
00000000
00000000
00000000
00000000
00000000
00000000
00000000
00000000
00000000
00000000
00000000
00000000
00000000
00000000
00000000
00000000
00000000
00000000
00000000
00000000
00000000
00000000
00000000
00000000
00000000
00000000
00000000
00000000
00000000
00000000
00000000
00000000
00000000
00000000
00000000
00000000
00000000
00000000
00000000
00000000
00000000
00000000
00000000
00000000
00000000
00000000
00000000
00000000
00000000
00000000
00000000
00000000
00000000
00000000
00000000
00000000
00000000
00000000
00000000
00000000
00000000
00000000
00000000
00000000
00000000
00000000
00000000
00000000
00000000
00000000
00000000
00000000
00000000
00000000
00000000
00000000
00000000
00000000
00000000
00000000
00000000
00000000
00000000
00000000
00000000
00000000
00000000
00000000
00000000
00000000
00000000
00000000
00000000
00000000
00000000
00000000
00000000
00000000
00000000
00000000
00000000
00000000
00000000
00000000
00000000
00000000
00000000
00000000
00000000
00000000
00000000
00000000
00000000
00000000
00000000
00000000
00000000
00000000
00000000
00000000
00000000
00000000
00000000
00000000
00000000
00000000
00000000
00000000
00000000
00000000
00000000
00000000
00000000
00000000
00000000
00000000
00000000
00000000
00000000
00000000
00000000
00000000
00000000
00000000
00000000
00000000
00000000
00000000
00000000
00000000
00000000
00000000
00000000
00000000
00000000
00000000
00000000
00000000
00000000
00000000
00000000
00000000
00000000
00000000
00000000
00000000
00000000
00000000
00000000
00000000
00000000
00000000
00000000
00000000
00000000
00000000
00000000
00000000
00000000
00000000
00000000
00000000
00000000
00000000
00000000
00000000
00000000
00000000
00000000
00000000
00000000
00000000
00000000
00000000
00000000
00000000
00000000
00000000
00000000
00000000
00000000
00000000
00000000
00000000
00000000
00000000
00000000
00000000
00000000
00000000
00000000
00000000
00000000
00000000
00000000
00000000
00000000
00000000
00000000
00000000
00000000
00000000
00000000
00000000
00000000
00000000
00000000
00000000
00000000
00000000
00000000
00000000
00000000
00000000
00000000
00000000
00000000
00000000
00000000
00000000
00000000
00000000
00000000
00000000
00000000
00000000
00000000
00000000
00000000
00000000
00000000
00000000
00000000
00000000
00000000
00000000
00000000
00000000
00000000
00000000
00000000
00000000
00000000
00000000
00000000
00000000
00000000
00000000
00000000
00000000
00000000
00000000
00000000
00000000
00000000
00000000
00000000
00000000
00000000
00000000
00000000
00000000
00000000
00000000
00000000
00000000
00000000
00000000
00000000
00000000
00000000
00000000
00000000
00000000
00000000
00000000
00000000
00000000
00000000
00000000
00000000
00000000
00000000
00000000
00000000
00000000
00000000
00000000
00000000
00000000
00000000
00000000
00000000
00000000
00000000
00000000
00000000
00000000
00000000
00000000
00000000
00000000
00000000
00000000
00000000
00000000
00000000
00000000
00000000
00000000
00000000
00000000
00000000
00000000
00000000
00000000
00000000
00000000
00000000
00000000
00000000
00000000
00000000
00000000
00000000
00000000
00000000
00000000
00000000
00000000
00000000
00000000
00000000
00000000
00000000
00000000
00000000
00000000
00000000
00000000
00000000
00000000
00000000
00000000
00000000
00000000
00000000
00000000
00000000
00000000
00000000
00000000
00000000
00000000
00000000
00000000
00000000
00000000
00000000
00000000
00000000
00000000
00000000
00000000
00000000
00000000
00000000
00000000
00000000
00000000
00000000
00000000
00000000
00000000
00000000
00000000
00000000
00000000
00000000
00000000
00000000
00000000
00000000
00000000
00000000
00000000
00000000
00000000
00000000
00000000
00000000
00000000
00000000
00000000
00000000
00000000
00000000
00000000
00000000
00000000
00000000
00000000
00000000
00000000
00000000
00000000
00000000
00000000
00000000
00000000
00000000
00000000
00000000
00000000
00000000
00000000
00000000
00000000
00000000
00000000
00000000
00000000
00000000
00000000
00000000
00000000
00000000
00000000
00000000
00000000
00000000
00000000
00000000
00000000
00000000
00000000
00000000
00000000
00000000
00000000
00000000
00000000
00000000
00000000
00000000
00000000
00000000
00000000
00000000
00000000
00000000
00000000
00000000
00000000
00000000
00000000
00000000
00000000
00000000
00000000
00000000
00000000
00000000
00000000
00000000
00000000
00000000
00000000
00000000
00000000
00000000
00000000
00000000
00000000
00000000
00000000
00000000
00000000
00000000
00000000
00000000
00000000
00000000
00000000
00000000
00000000
00000000
00000000
00000000
00000000
00000000
00000000
00000000
00000000
00000000
00000000
00000000
00000000
00000000
00000000
00000000
00000000
00000000
00000000
00000000
00000000
00000000
00000000
00000000
00000000
00000000
00000000
00000000
00000000
00000000
00000000
00000000
00000000
00000000
00000000
00000000
00000000
00000000
00000000
00000000
00000000
00000000
00000000
00000000
00000000
00000000
00000000
00000000
00000000
00000000
00000000
00000000
00000000
00000000
00000000
00000000
00000000
00000000
00000000
00000000
00000000
00000000
00000000
00000000
00000000
00000000
00000000
00000000
00000000
00000000
00000000
00000000
00000000
00000000
00000000
00000000
00000000
00000000
00000000
00000000
00000000
00000000
00000000
00000000
00000000
00000000
00000000
00000000
00000000
00000000
00000000
00000000
00000000
00000000
00000000
00000000
00000000
00000000
00000000
00000000
00000000
00000000
00000000
00000000
00000000
00000000
00000000
00000000
00000000
00000000
00000000
00000000
00000000
00000000
00000000
00000000
00000000
00000000
00000000
00000000
00000000
00000000
00000000
00000000
00000000
00000000
00000000
00000000
00000000
00000000
00000000
00000000
00000000
00000000
00000000
00000000
00000000
00000000
00000000
00000000
00000000
00000000
00000000
00000000
00000000
00000000
00000000
00000000
00000000
00000000
00000000
00000000
00000000
00000000
00000000
00000000
00000000
00000000
00000000
00000000
00000000
00000000
00000000
00000000
00000000
00000000
00000000
00000000
00000000
00000000
00000000
00000000
00000000
00000000
00000000
00000000
00000000
00000000
00000000
00000000
00000000
00000000
00000000
00000000
00000000
00000000
00000000
00000000
00000000
00000000
00000000
00000000
00000000
00000000
00000000
00000000
00000000
00000000
00000000
00000000
00000000
00000000
00000000
00000000
00000000
00000000
00000000
00000000
00000000
00000000
00000000
00000000
00000000
00000000
00000000
00000000
00000000
00000000
00000000
00000000
00000000
00000000
00000000
00000000
00000000
00000000
00000000
00000000
00000000
00000000
00000000
00000000
00000000
00000000
00000000
00000000
00000000
00000000
00000000
00000000
00000000
00000000
00000000
00000000
00000000
00000000
00000000
00000000
00000000
00000000
00000000
00000000
00000000
00000000
00000000
00000000
00000000
00000000
00000000
00000000
00000000
00000000
00000000
00000000
00000000
00000000
00000000
00000000
00000000
00000000
00000000
00000000
00000000
00000000
00000000
00000000
00000000
00000000
00000000
00000000
00000000
00000000
00000000
00000000
00000000
00000000
00000000
00000000
00000000
00000000
00000000
00000000
00000000
00000000
00000000
00000000
00000000
00000000
00000000
00000000
00000000
00000000
00000000
00000000
00000000
00000000
00000000
00000000
00000000
00000000
00000000
00000000
00000000
00000000
00000000
00000000
00000000
00000000
00000000
00000000
00000000
00000000
00000000
00000000
00000000
00000000
00000000
00000000
00000000
00000000
00000000
00000000
00000000
00000000
00000000
00000000
00000000
00000000
00000000
00000000
00000000
00000000
00000000
00000000
00000000
00000000
00000000
00000000
00000000
00000000
00000000
00000000
00000000
00000000
00000000
00000000
00000000
00000000
00000000
00000000
00000000
00000000
00000000
00000000
00000000
00000000
00000000
00000000
00000000
00000000
00000000
00000000
00000000
00000000
00000000
00000000
00000000
00000000
00000000
00000000
00000000
00000000
00000000
00000000
00000000
00000000
00000000
00000000
00000000
00000000
00000000
00000000
00000000
00000000
00000000
00000000
00000000
00000000
00000000
00000000
00000000
00000000
00000000
00000000
00000000
00000000
00000000
00000000
00000000
00000000
00000000
00000000
00000000
00000000
00000000
00000000
00000000
00000000
00000000
00000000
00000000
00000000
00000000
00000000
00000000
00000000
00000000
00000000
00000000
00000000
00000000
00000000
00000000
00000000
00000000
00000000
00000000
00000000
00000000
00000000
00000000
00000000
00000000
00000000
00000000
00000000
00000000
00000000
00000000
00000000
00000000
00000000
00000000
00000000
00000000
00000000
00000000
00000000
00000000
00000000
00000000
00000000
00000000
00000000
00000000
00000000
00000000
00000000
00000000
00000000
00000000
00000000
00000000
00000000
00000000
00000000
00000000
00000000
00000000
00000000
00000000
00000000
00000000
00000000
00000000
00000000
00000000
00000000
00000000
00000000
00000000
00000000
00000000
00000000
00000000
00000000
00000000
00000000
00000000
00000000
00000000
00000000
00000000
00000000
00000000
00000000
00000000
00000000
00000000
00000000
00000000
00000000
00000000
00000000
00000000
00000000
00000000
00000000
00000000
00000000
00000000
00000000
00000000
00000000
00000000
00000000
00000000
00000000
00000000
00000000
00000000
00000000
00000000
00000000
00000000
00000000
00000000
00000000
00000000
00000000
00000000
00000000
00000000
00000000
00000000
00000000
00000000
00000000
00000000
00000000
00000000
00000000
00000000
00000000
00000000
00000000
00000000
00000000
00000000
00000000
00000000
00000000
00000000
00000000
00000000
00000000
00000000
00000000
00000000
00000000
00000000
00000000
00000000
00000000
00000000
00000000
00000000
00000000
00000000
00000000
00000000
00000000
00000000
00000000
00000000
00000000
00000000
00000000
00000000
00000000
00000000
00000000
00000000
00000000
00000000
00000000
00000000
00000000
00000000
00000000
00000000
00000000
00000000
00000000
00000000
00000000
00000000
00000000
00000000
00000000
00000000
00000000
00000000
00000000
00000000
00000000
00000000
00000000
00000000
00000000
00000000
00000000
00000000
00000000
00000000
00000000
00000000
00000000
00000000
00000000
00000000
00000000
00000000
00000000
00000000
00000000
00000000
00000000
00000000
00000000
00000000
00000000
00000000
00000000
00000000
00000000
00000000
00000000
00000000
00000000
00000000
00000000
00000000
00000000
00000000
00000000
00000000
00000000
00000000
00000000
00000000
00000000
00000000
00000000
00000000
00000000
00000000
00000000
00000000
00000000
00000000
00000000
00000000
00000000
00000000
00000000
00000000
00000000
00000000
00000000
00000000
00000000
00000000
00000000
00000000
00000000
00000000
00000000
00000000
00000000
00000000
00000000
00000000
00000000
00000000
00000000
00000000
00000000
00000000
00000000
00000000
00000000
00000000
00000000
00000000
00000000
00000000
00000000
00000000
00000000
00000000
00000000
00000000
00000000
00000000
00000000
00000000
00000000
00000000
00000000
00000000
00000000
00000000
00000000
00000000
00000000
00000000
00000000
00000000
00000000
00000000
00000000
00000000
00000000
00000000
00000000
00000000
00000000
00000000
00000000
00000000
00000000
00000000
00000000
00000000
00000000
00000000
00000000
00000000
00000000
00000000
00000000
00000000
00000000
00000000
00000000
00000000
00000000
00000000
00000000
00000000
00000000
00000000
00000000
00000000
00000000
00000000
00000000
00000000
00000000
00000000
00000000
00000000
00000000
00000000
00000000
00000000
00000000
00000000
00000000
00000000
00000000
00000000
00000000
00000000
00000000
00000000
00000000
00000000
00000000
00000000
00000000
00000000
00000000
00000000
00000000
00000000
00000000
00000000
00000000
00000000
00000000
00000000
00000000
00000000
00000000
00000000
00000000
00000000
00000000
00000000
00000000
00000000
00000000
00000000
00000000
00000000
00000000
00000000
00000000
00000000
00000000
00000000
00000000
00000000
00000000
00000000
00000000
00000000
00000000
00000000
00000000
00000000
00000000
00000000
00000000
00000000
00000000
00000000
00000000
00000000
00000000
00000000
00000000
00000000
00000000
00000000
00000000
00000000
00000000
00000000
00000000
00000000
00000000
00000000
00000000
00000000
00000000
00000000
00000000
00000000
00000000
00000000
00000000
00000000
00000000
00000000
00000000
00000000
00000000
00000000
00000000
00000000
00000000
00000000
00000000
00000000
00000000
00000000
00000000
00000000
00000000
00000000
00000000
00000000
00000000
00000000
00000000
00000000
00000000
00000000
00000000
00000000
00000000
00000000
00000000
00000000
00000000
00000000
00000000
00000000
00000000
00000000
00000000
00000000
00000000
00000000
00000000
00000000
00000000
00000000
00000000
00000000
00000000
00000000
00000000
00000000
00000000
00000000
00000000
00000000
00000000
00000000
00000000
00000000
00000000
00000000
00000000
00000000
00000000
00000000
00000000
00000000
00000000
00000000
00000000
00000000
00000000
00000000
00000000
00000000
00000000
00000000
00000000
00000000
00000000
00000000
00000000
00000000
00000000
00000000
00000000
00000000
00000000
00000000
00000000
00000000
00000000
00000000
00000000
00000000
00000000
00000000
00000000
00000000
00000000
00000000
00000000
00000000
00000000
00000000
00000000
00000000
00000000
00000000
00000000
00000000
00000000
00000000
00000000
00000000
00000000
00000000
00000000
00000000
00000000
00000000
00000000
00000000
00000000
00000000
00000000
00000000
00000000
00000000
00000000
00000000
00000000
00000000
00000000
00000000
00000000
00000000
00000000
00000000
00000000
00000000
00000000
00000000
00000000
00000000
00000000
00000000
00000000
00000000
00000000
00000000
00000000
00000000
00000000
00000000
00000000
00000000
00000000
00000000
00000000
00000000
00000000
00000000
00000000
00000000
00000000
00000000
00000000
00000000
00000000
00000000
00000000
00000000
00000000
00000000
00000000
00000000
00000000
00000000
00000000
00000000
00000000
00000000
00000000
00000000
00000000
00000000
00000000
00000000
00000000
00000000
00000000
00000000
00000000
00000000
00000000
00000000
00000000
00000000
00000000
00000000
00000000
00000000
00000000
00000000
00000000
00000000
00000000
00000000
00000000
00000000
00000000
00000000
00000000
00000000
00000000
00000000
00000000
00000000
00000000
00000000
00000000
00000000
00000000
00000000
00000000
00000000
00000000
00000000
00000000
00000000
00000000
00000000
00000000
00000000
00000000
00000000
00000000
00000000
00000000
00000000
00000000
00000000
00000000
00000000
00000000
00000000
00000000
00000000
00000000
00000000
00000000
00000000
00000000
00000000
00000000
00000000
00000000
00000000
00000000
00000000
00000000
00000000
00000000
00000000
00000000
00000000
00000000
00000000
00000000
00000000
00000000
00000000
00000000
00000000
00000000
00000000
00000000
00000000
00000000
00000000
00000000
00000000
00000000
00000000
00000000
00000000
00000000
00000000
00000000
00000000
00000000
00000000
00000000
00000000
00000000
00000000
00000000
00000000
00000000
00000000
00000000
00000000
00000000
00000000
00000000
00000000
00000000
00000000
00000000
00000000
00000000
00000000
00000000
00000000
00000000
00000000
00000000
00000000
00000000
00000000
00000000
00000000
00000000
00000000
00000000
00000000
00000000
00000000
00000000
00000000
00000000
00000000
00000000
00000000
00000000
00000000
00000000
00000000
00000000
00000000
00000000
00000000
00000000
00000000
00000000
00000000
00000000
00000000
00000000
00000000
00000000
00000000
00000000
00000000
00000000
00000000
00000000
00000000
00000000
00000000
00000000
00000000
00000000
00000000
00000000
00000000
00000000
00000000
00000000
00000000
00000000
00000000
00000000
00000000
00000000
00000000
00000000
00000000
00000000
00000000
00000000
00000000
00000000
00000000
00000000
00000000
00000000
00000000
00000000
00000000
00000000
00000000
00000000
00000000
00000000
00000000
00000000
00000000
00000000
00000000
00000000
00000000
00000000
00000000
00000000
00000000
00000000
00000000
00000000
00000000
00000000
00000000
00000000
00000000
00000000
00000000
00000000
00000000
00000000
00000000
00000000
00000000
00000000
00000000
00000000
00000000
00000000
00000000
00000000
00000000
00000000
00000000
00000000
00000000
00000000
00000000
00000000
00000000
00000000
00000000
00000000
80020001
f0000000
00035a05
50dbfffe
dbffdbff
dbffdbff
dbffdbff
dbffdbff
80020001
d978c600
dbff50e7
588013fe
88252124
212021e1
20e42120
e42120e4
80020001
2120e421
203020e3
2120e422
2120e122
e1882a21
24212021
e120e421
80020001
20e42120
e43120e5
3120e521
20e42221
20e122e1
882a2124
212021e1
80020001
20e42120
e42120e4
2120e421
20e42120
e4222120
e122e1fe
883a2124
80020001
212021e1
20e42120
e42120e4
2120e421
20e42120
e4222120
e122e1fe
80020001
882a2124
212021e1
20e42120
e42120e4
2120e421
20e42120
e4222120
80020001
e122e1fe
882a2124
212021e1
20e42120
e42120e4
2120e421
20e42120
80020001
e4222120
e122e1fe
883a2133
31202120
21303120
e5303120
e5303120
80020001
e5303120
e52120e4
2120e422
2120e122
e1882a21
33312021
20213031
80020001
20e53031
20e53031
20e52120
e42120e4
2120e422
2120e122
e1882a21
80020001
33312021
20213031
20e53031
20e53031
20e52120
e42120e4
2120e422
80020001
2120e122
e1883a30
31203331
20303120
e1213031
20302030
20e33031
80020001
20302030
20e33031
20302030
20e33031
20302030
20e32120
e42120e4
80020001
222120e1
22e1882a
30312033
31203031
20e12130
31203020
3020e330
80020001
31203020
3020e330
31203020
3020e321
20e42120
e42120e4
222120e1
80020001
22e1882a
30312033
31203031
20e12130
31203020
3020e330
31203020
80020001
3020e330
31203020
3020e321
20e42120
e42120e1
c440e260
e1c44060
80020001
c440e260
e1c44060
e1c44060
d814c420
60eac600
60d812fe
c60060fe
80020001
d812c600
dba650e7
588013fe
88252124
212021e1
20e42120
e42120e4
80020001
2120e421
20e42120
e4222120
e122e1fe
882a2124
212021e1
20e42120
80020001
e42120e4
2120e421
20e42120
e4222120
e122e1fe
882a2124
212021e1
80020001
20e42120
e42120e4
2120e421
20e42120
e4222120
e122e1fe
883a2124
80020001
212021e1
20e42120
e42120e4
2120e421
20e42120
e4222120
e122e1fe
80020001
882a2124
212021e1
20e42120
e42120e4
2120e421
20e42120
e4222120
80020001
e122e1fe
882a2124
212021e1
20e42120
e42120e4
2120e421
20e42120
80020001
e4222120
e122e1fe
883a2124
212021e1
20e42120
e42120e4
2120e421
80020001
20e42120
e4222120
e122e1fe
882a2124
212021e1
20e42120
e42120e4
80020001
2120e421
20e42120
e4222120
e122e1fe
882a2124
212021e1
20e42120
80020001
e42120e4
2120e421
20e42120
e4222120
e122e1fe
883a2124
212021e1
80020001
20e42120
e42120e4
2120e421
20e42120
e4222120
e122e1fe
882a2124
80020001
212021e1
20e42120
e42120e4
2120e421
20e42120
e4222120
e122e1fe
80020001
882a2124
212021e1
20e42120
e42120e4
2120e421
20e42120
e4222120
80020001
e122e1fe
84155bfe
9413e150
dbffda91
c600d819
50dbfffe
dbffd8b6
80020001
c600e750
dbffdbff
dbffdbff
dbe2c600
e750dbff
dbffdbff
da1cc600
80020001
dbd550fe
c600e660
e7c60060
d812c410
60e5881f
21242120
21e120e4
80020001
2120e421
20e42120
e42120e4
2120e422
2120e122
e1882a21
24212021
80020001
e120e421
20e42120
e4213020
e4213020
e42120e4
222120e1
22e1882a
80020001
21242120
21e120e4
2120e421
20e43021
20e43021
20e42120
e4222120
80020001
e122e1fe
883a2124
212021e1
20e42120
e42120e4
2120e421
20e42120
80020001
e4222120
e122e1fe
882a2124
c441c440
60c44060
c440c480
c440e460
80020001
c440c480
c440e460
c440c480
c440e460
c440e1fe
c480c440
e360c440
80020001
e1c480fe
c440e360
c440e560
e1c44060
c440e260
e1c44060
e1c44060
80020001
d824c480
60e4c440
60c480fe
c44060e3
c44060fe
c480c440
e160c440
80020001
60c440e1
c480c440
e360c440
e1c480fe
c440e360
c440e1fe
c480c440
80020001
e360c440
e560c440
e560c440
e560e1fe
c44060fe
c440e260
e1c44060
80020001
e1c44060
d834c480
60e4c440
60c480fe
c44060e2
c48060fe
c480e1fe
80020001
c44060fe
c440e160
c440c480
e160c480
c440e1fe
c480c440
e3c48060
80020001
c480e1fe
c440e1fe
c480c440
e3c48060
c480e1fe
c440e5fe
c480e160
80020001
c480c440
e1c480fe
c440e360
c440e1fe
c480c440
e360c440
e1c480fe
80020001
c440e360
e1c44060
c440e260
e1c44060
e1c44060
d824c480
60e4c440
80020001
60c480fe
c44060e2
c48060fe
c480e1fe
c44060fe
c440e160
c440c480
80020001
e160c480
c440c480
c440e4fe
c48060fe
c480c440
c480c440
c480c440
80020001
e3c48060
c480e1fe
c440e560
c480c440
e560c480
c440e560
c480c440
80020001
e560c480
60c44060
c440e260
e1c44060
e1c44060
d822c480
60e6c440
80020001
60c480fe
c44060e2
c480e160
c480c440
60c480fe
c440e160
c440c480
80020001
60c480e1
c440e1fe
c480c440
e3c48060
c480e1fe
c440e5fe
c480e160
80020001
c480c440
e560c440
e560c480
c440e1fe
c480c440
e360c440
e1c480fe
80020001
c440e360
e1c44060
c440e260
e1c44060
e1c44060
d832c480
60e1c480
80020001
60e4c440
c480e160
c480c440
60e2c480
e160c480
c440c480
e160c480
80020001
c440e160
c440c480
e160c480
c440c480
e1c440fe
c480e1fe
c440e3fe
80020001
c48060fe
c480c440
c480e1fe
c440c480
c440e3fe
c48060fe
c480e1fe
80020001
c440c480
c440c480
e1c440e3
c48060fe
c480e1fe
c440c480
e1c440fe
80020001
c480e1fe
c440e360
c440e560
c480c440
e1c480fe
c440e360
e1c44060
80020001
c440e260
e1c44060
e1c44060
d821c480
60e6c480
60c440fe
c48060fe
80020001
c480e1fe
c44060e2
c48060fe
c480e1fe
c440c480
e160c480
e1c440e1
80020001
60c440fe
c48060fe
c480c440
c480e1fe
c440c480
e1c440e3
c48060fe
80020001
c480e1fe
c440c480
e1c440fe
c480c440
e3c480e1
60c480fe
c440c480
80020001
c440c480
e1c440e3
c48060fe
c440e1fe
c480c440
e360c440
e1c480fe
80020001
c440e360
c440e1fe
c480c440
e360e1fe
c44060fe
c440e260
e1c44060
80020001
e1c44060
d822c480
60e1c480
60e4c440
c480e160
c480c440
60e2c480
80020001
e160c480
c440c480
e160c480
e1c440e1
60c440fe
c48060fe
c480e1fe
80020001
c440c480
c440c480
e1c440e3
c48060fe
c480e1fe
c440c480
c44030e1
80020001
20e33031
20302030
20e32120
e42120e4
2120e422
2120e122
e184155b
80020001
9413e158
80138825
21243021
2021e130
20e42130
20e42130
20e42130
80020001
20e42130
20e42130
20e42221
20e122e1
882a2133
21e12021
302120e4
80020001
302120e4
302120e4
302120e4
302120e4
302120e4
30222120
e122e1fe
80020001
882a2124
3120e121
e1203020
e3212030
20e32120
3020e321
203020e3
80020001
21203020
e3212030
20e32221
20e122e1
883a2124
212021e1
20e42120
80020001
e4302120
e4302120
e4302120
e4302120
e4302221
20e122e1
882a2124
80020001
3120e121
e1203020
e3212030
20e32120
3020e321
203020e3
21203020
80020001
e32120e4
222120e1
22e18c24
26302124
30212021
e13020e4
213020e4
80020001
213020e4
213020e4
213020e4
2120e422
2120e122
e1883a21
c44460fe
80020001
c440e160
c44060fe
c440e560
c440e560
c440e560
c440e560
c440e560
80020001
c440e560
e1c44060
c440e260
e1c44060
e1c44060
d829c440
60c44060
80020001
e3c44060
c440e160
c44060fe
c440e560
c440e560
c440e560
c440e560
80020001
c440e560
c440e560
e1c44060
c440e260
e1c44060
e1c44060
d829c440
80020001
60c44060
e3c44060
c440e160
c44060fe
c440e560
c440e560
c440e560
80020001
c440e560
c440e560
c440e560
e1c44060
c440e260
e1c44060
e1c44060
80020001
d839c440
60c44060
e3c44060
c440e160
c44060fe
c440e560
c440e560
80020001
c440e560
c440e560
c440e560
c440e560
e1c44060
c440e260
e1c44060
80020001
e1c44060
d829c440
60c44060
e3c44060
c440e160
c44060fe
c440e560
80020001
c440e560
c440e560
c440e560
c440e560
c440e560
e1c44060
c440e260
80020001
e1c44060
e1c44060
d829c440
60c44060
e3c44060
c440e160
c44060fe
80020001
c440e560
c440e560
c440e560
c440e560
c440e560
c440e560
e1c44060
80020001
c440e260
e1c44060
e1c44060
d814c420
60eac600
60d812fe
c60060fe
80020001
d812c600
d94350e7
588013fe
88252124
212021e1
20e42120
e42120e4
80020001
2120e421
20e42120
e4222120
e122e1fe
882a2124
212021e1
20e42120
80020001
e42120e4
2120e421
20e42120
e4222120
e122e1fe
882a2124
212021e1
80020001
20e42120
e42120e4
2120e421
20e42120
e4222120
e122e1fe
883a2124
80020001
212021e1
20e42120
e42120e4
2120e421
3020e421
20e42221
20e122e1
80020001
882a2124
212021e1
20e42120
e42120e4
2120e421
20e42120
e4222120
80020001
e122e1fe
882a2124
212021e1
20e42120
e42120e4
21203020
e3212030
80020001
20e32120
e4222120
e122e1fe
883a2133
31202120
21303120
e5303120
80020001
e5303120
e5303120
e5213020
e42120e4
222120e1
22e1882a
21333120
80020001
21202130
3120e530
3120e530
3120e521
20e42120
e42120e4
222120e1
80020001
22e1882a
21333120
21202130
3120e530
3120e530
3120e521
20e42120
80020001
e42120e4
222120e1
22e1883a
30312033
31203031
20e12130
31203020
80020001
3020e330
31203020
3020e330
31203020
3020e330
31203020
3020e321
80020001
20e42120
e4222120
e122e1fe
882a3031
20333120
303120e1
21303120
80020001
30203020
e3303120
30203020
e3303120
30203020
e32120e4
2120e421
80020001
20e42221
20e122e1
882a3031
20333120
303120e1
21303120
30203020
80020001
e3303120
30203020
e3303120
30203020
e32120e4
2120e421
20e42221
80020001
20e122e1
84155bfe
9413e150
d814c600
dbff50e7
588013fe
88252124
80020001
212021e1
20e42120
e42120e4
2120e421
20e42120
e4222120
e122e1fe
80020001
882a2124
212021e1
20e42120
e42120e4
2120e421
20e42120
e4222120
80020001
e122e1fe
882a2124
212021e1
20e42120
e42120e4
2120e421
20e42120
80020001
e4222120
e122e1fe
883a2124
212021e1
20e42120
e42120e4
2120e421
80020001
20e42120
e4222120
e122e1fe
882a2124
212021e1
20e42120
e42120e4
80020001
2120e421
20e42120
e4222120
e122e1fe
882a2124
212021e1
20e42120
80020001
e42120e4
2120e421
20e42120
e4222120
e122e1fe
883a2124
212021e1
80020001
20e42120
e42120e4
2120e421
20e42120
e461c440
60c440e2
60e1c440
80020001
60e1c440
60d829fe
c44060fe
c44060e3
c44060fe
c440e160
c44060fe
80020001
c440e560
c440e560
c440e560
c440e560
c440e560
c440e560
e1c44060
80020001
c440e260
e1c44060
e1c44060
d829c440
60c44060
e3c44060
c440e160
80020001
c44060fe
c440e560
c440e560
c440e560
c440e560
c440e560
c440e560
80020001
e1c44060
c440e260
e1c44060
e1c44060
d839c440
60c44060
e3c44060
80020001
c440e160
c44060fe
c480c440
e560c480
c440e560
c480c440
e560c480
80020001
c440e560
c480c440
e560c480
c440e560
c48060fe
c44060fe
c440e260
80020001
e1c44060
e1c44060
d829c440
60c44060
e3c44060
c440e160
c44060fe
80020001
c440e560
c440e560
c440e560
c440e560
c440e5fe
c48060fe
c440e5fe
80020001
c48060e1
c44060fe
c440e260
e1c44060
e1c44060
d829c440
60c44060
80020001
e3c44060
c480c440
e160c440
60c440e1
c480c440
e360c440
e1c480fe
80020001
c440e360
c440e1fe
c480c440
e360c440
e1c480fe
c440e360
c440e1fe
80020001
c480c440
e360c440
e1c480fe
c440e360
e1c44060
c440e260
e1c44060
80020001
e1c44060
d814c420
60eac600
60d812fe
c60060fe
d812c600
60e6cc00
80020001
e1cc80fe
cc00d811
ce00cc00
d810cc10
cc00d821
cc80cc00
e2cc80fe
80020001
cc00d90d
70d911fe
c82070e3
ca0070e7
ca0070fe
d812c810
70efc880
80020001
70e2c880
70d811fe
c84070fe
c84070e3
c84070fe
c840e170
c84070fe
80020001
c840e570
c840e570
c840e570
c840e570
c840e570
c840e570
e1c84070
80020001
c840e270
e1c84070
e1c84070
e2c88070
c88070e2
c88070eb
c88070e1
80020001
c88070fe
d814c840
70c84070
e3c84070
c840e170
c84070fe
c840e570
80020001
c840e570
c840e570
c840e570
c840e570
c840e570
e1c84070
c840e270
80020001
e1c84070
e1c84070
e2c88070
d826c840
70c84070
e3c84070
c840e170
80020001
c84070fe
c840e570
c840e570
c840e570
c840e570
c840e570
c840e570
80020001
e1c84070
c840e270
e1c84070
e1c84070
d839c840
70c84070
e3c84070
80020001
c840e170
c84070fe
c840e570
c840e570
c840e570
c840e570
c840e570
80020001
c840e570
e1c84070
c840e270
e1c84070
e1c84070
d829c840
70c84070
80020001
e3c84070
c840e170
c84070fe
c840e570
c840e570
c840e570
c840e570
80020001
c840e570
c840e570
e1c84070
c840e270
e1c84070
e1c84070
d829c840
80020001
70c84070
e3c84070
c840e170
c84070fe
c840e570
c840e570
c840e570
80020001
c840e570
c840e570
c840e570
e1c84070
c840e270
e1c84070
e1c84070
80020001
d839c840
70c84070
e2c88070
c880c840
70c840e1
70c840fe
c88070fe
80020001
c880c840
e5c88070
c880c840
e5c88070
c880c840
e5c88070
c880c840
80020001
e570c840
e570c840
e570e1fe
c84070fe
c840e270
e1c84070
e1c84070
80020001
d829c840
70c84070
e2c88070
c880c840
70c840e1
70c840fe
c88070fe
80020001
c880c840
e220e230
3120e530
3120e521
20e42120
3020e321
20e42221
80020001
20e122e1
882a2133
31202120
21303120
e5303120
e5303120
e5302120
80020001
e4302120
e42120e4
222120e1
22e1883a
30312033
31203031
20e12130
80020001
31203020
3020e330
31203020
3020e330
31203020
3020e330
31203020
80020001
3020e321
20e42120
e4222120
e122e1fe
882a3031
20333120
303120e1
80020001
21303120
30203020
e3303120
30203020
e3303120
30203020
e3212030
80020001
20e32120
3020e321
20e42221
20e122e1
882a3031
20333120
303120e1
80020001
21303120
30203020
e3303120
30203020
e3303120
30203020
e32120e4
80020001
2120e421
20e42221
20e122e1
84155bfe
9413e150
dbffdbff
daf2c600
80020001
dbff50e8
588013fe
88253120
243120e1
21e12030
20e32120
3020e321
80020001
203020e3
21203020
e3212030
20e32120
3020e322
2120e122
e1882a21
80020001
34202120
213120e5
3120e531
20e53120
e53120e5
3120e531
21e120e1
80020001
22e1882a
21242120
21302120
e4302120
e4302120
e4302120
e4302120
80020001
e4302120
e4302221
20e122e1
8c333720
21342021
20213120
e53120e5
80020001
3120e531
20e53120
e52120e4
222120e1
22e1882a
21342021
20213120
80020001
e52120e4
2120e421
20e42120
e42120e4
222120e1
22e1882a
21242120
80020001
21e120e4
2120e421
20e42120
e42120e4
2120e422
2120e122
e1883a21
80020001
24212021
e120e421
20e42120
e42120e4
2120e421
20e42221
20e122e1
80020001
882a2124
212021e1
20e42120
e42120e4
2120e421
20e42120
e4222120
80020001
e122e1fe
882a2124
212021e1
20e42120
e42120e4
2120e421
20e42120
80020001
e4222120
e122e1fe
883a2124
212021e1
20e42120
e42120e4
2120e421
80020001
20e42120
e4222120
e122e1fe
882a2124
212021e1
20e42120
e42120e4
80020001
2120e421
20e42120
e4222120
e122e1fe
882a2124
212021e1
20e42120
80020001
e42120e4
2120e421
20e42120
e4222120
e122e1fe
84155bfe
9413e150
80020001
dbffdbff
dabdc600
dbff50e7
588013fe
88252124
212021e1
20e42120
80020001
e42120e4
2120e430
2120e421
20e42221
20e122e1
882a2124
212021e1
80020001
20e42120
e42120e4
21203020
e3212030
20e32120
e4222120
e122e1fe
80020001
882a2124
212021e1
20e42120
e42120e4
3120e531
20e52120
e4222120
80020001
e122e1fe
883a2124
212021e1
20e42120
e42120e4
2120e431
20e52120
80020001
e4222120
e122e1fe
882a2124
212021e1
20e42120
e42120e4
2120e421
80020001
20e42120
e4222120
e122e1fe
882a2124
212021e1
20e42120
e42120e4
80020001
2120e421
3020e421
20e42221
20e122e1
883a2133
31202120
21303120
80020001
e5303120
e5303120
e5303120
e52120e4
2120e422
2120e122
e1882a21
80020001
33312021
20213031
20e53031
20e53031
20e52120
e42120e4
2120e422
80020001
2120e122
e1882a21
33312021
20213031
20e53031
20e53031
20e52120
80020001
e42120e4
2120e422
2120e122
e1883a30
31203331
20303120
e1213031
80020001
20302030
20e33031
20302030
20e33031
20302030
20e33031
20302030
80020001
20e32120
e42120e4
222120e1
22e1882a
30312033
31203031
20e12130
80020001
31203020
3020e330
31203020
3020e330
31203020
3020e321
20e42120
80020001
e42120e4
222120e1
22e1882a
30312033
31203031
20e12130
31203020
80020001
3020e330
31203020
3020e330
31203020
3020e321
20e42120
e42120e4
80020001
222120e1
22e18415
5b9413e1
50dbfffe
dbffdbff
e3c600fe
dbff50e7
80020001
588013fe
88252124
212021e1
20e43120
e53120e5
3120e531
20e52120
80020001
e4222120
e122e1fe
882a2124
212021e1
20e42120
e42120e4
302120e4
80020001
302120e4
2120e422
2120e122
e1882a21
24212021
e120e421
20e42120
80020001
e42120e4
2120e421
20e42221
20e122e1
883a2124
212021e1
20e42120
80020001
e42120e4
2120e421
20e42120
e4222120
e122e1fe
882a2124
212021e1
80020001
20e42120
e42120e4
2120e421
20e42120
e4222120
e122e1fe
882a2124
80020001
212021e1
20e42120
e42120e4
2120e421
20e42120
e4222120
e122e1fe
80020001
883a2124
212021e1
20e42120
e42120e4
2120e421
20e42120
e4222120
80020001
e122e1fe
882a2124
212021e1
20e42120
e42120e4
2120e421
20e42120
80020001
e4222120
e122e1fe
882a2124
212021e1
20e42120
e42120e4
2120e421
80020001
20e42120
e4222120
e122e1fe
883a2124
212021e1
20e42120
e42120e4
80020001
2120e421
20e42120
e4222120
e122e1fe
882a2124
212021e1
20e42120
80020001
e42120e4
2120e421
20e42120
e4222120
e122e1fe
882a2124
212021e1
80020001
20e42120
e42120e4
2120e421
20e42120
e4222120
e122e1fe
84155bfe
80020001
9413e150
dbffdbff
dbffdbff
d9aac600
dbff50e7
588013fe
88252124
80020001
212021e1
20e42120
e42120e4
2120e421
20e42120
e4222120
e122e1fe
80020001
882a2124
212021e1
20e42120
e42120e4
2120e421
20e42120
e4222120
80020001
e122e1fe
882a2124
212021e1
20e42120
e42120e4
2120e421
20e42120
80020001
e4222120
e122e1fe
883a2124
212021e1
20e42120
e42120e4
2120e421
80020001
20e42120
e4222120
e122e1fe
882a2124
212021e1
20e42120
e42120e4
80020001
2120e421
20e42120
e4222120
e122e1fe
882a2124
212021e1
20e42120
80020001
e42120e4
2120e421
20e42120
e4222120
e122e1fe
883a2133
31202120
80020001
21303120
e5303120
e5303120
e5303120
e52120e4
2120e422
2120e122
80020001
e1882a21
33312021
20213031
20e53031
20e53031
20e52120
e42120e4
80020001
2120e422
2120e122
e1882a21
33312021
20213031
20e53031
20e53031
80020001
20e52120
e42120e4
2120e422
2120e122
e1883a30
31203331
20303120
80020001
e1213031
20302030
20e33031
20302030
20e33031
20302030
20e33031
80020001
20302030
20e32120
e42120e4
222120e1
22e1882a
30312033
31203031
80020001
20e12130
31203020
3020e330
31203020
3020e330
31203020
3020e321
80020001
20e42120
e42120e4
222120e1
22e1882a
30312033
31203031
20e12130
80020001
31203020
3020e330
31203020
3020e330
31203020
3020e321
20e42120
80020001
e42120e4
222120e1
22e18415
5b9413e1
50dbfffe
dbbfc600
dbff50e7
80020001
588013fe
88252124
3120e121
e1203020
e3212030
20e32120
3020e321
80020001
203020e3
21203020
e3212030
20e32221
20e122e1
882a2134
20212021
80020001
3120e531
20e53120
e53120e5
3120e531
20e53121
e120e122
e1882a21
80020001
24212021
302120e4
302120e4
302120e4
302120e4
302120e4
302120e4
80020001
30222120
e122e1fe
883a2124
212021e1
20e42120
e42120e4
2120e421
80020001
20e42120
e4222120
e122e1fe
882a2124
3120e121
e1203020
e3212030
80020001
20e32120
3020e321
203020e3
21203020
e32120e4
222120e1
22e1882a
80020001
21242120
21e120e4
2120e421
20e42120
e42120e4
2120e422
2120e122
80020001
e1883a21
24212021
e120e421
20e42120
e42120e4
2120e421
20e42221
80020001
20e122e1
882a2124
212021e1
20e42120
e42120e4
2120e421
20e42120
80020001
e4222120
e122e1fe
882a2124
212021e1
20e42120
e42120e4
2120e421
80020001
20e42120
e4222120
e122e1fe
883a2124
212021e1
20e42120
e42120e4
80020001
2120e421
20e42120
e4222120
e122e1fe
882a2124
212021e1
20e42120
80020001
e42120e4
2120e421
20e42120
e4222120
e122e1fe
882a2124
212021e1
80020001
20e42120
e42120e4
2120e421
20e42120
e4222120
e122e1fe
84155bfe
80020001
9413345f
7870d811
ca0070fe
d810c810
70e3c880
70e2c880
70e2c880
80020001
70e2c880
70e2c880
70e2c880
70eec880
70da22fe
c82070e3
ca00db88
80020001
50dbfffe
d97bc600
dbff50e7
588013fe
88252124
212021e1
20e42120
80020001
e42120e4
2120e421
20e42120
e4222120
e122e1fe
882a2124
212021e1
80020001
20e42120
e42120e4
2120e421
20e42120
e4222120
e122e1fe
882a2124
80020001
212021e1
20e42120
e42120e4
2120e421
20e42120
e4222120
e122e1fe
80020001
883a2124
212021e1
20e42120
e42120e4
2120e421
20e42120
e4222120
80020001
e122e1fe
882a2124
212021e1
20e42120
e42120e4
2120e421
20e42120
80020001
e4222120
e122e1fe
882a2124
212021e1
20e42120
e42120e4
2120e421
80020001
20e42120
e4222120
e122e1fe
883a2133
31202120
21303120
e5303120
80020001
e5303120
e5303120
e52120e4
2120e422
2120e122
e1882a21
33312021
80020001
20213031
20e53031
20e53031
20e52120
e42120e4
2120e422
2120e122
80020001
e1882a21
33312021
20213031
20e53031
20e53031
20e53120
e53120e5
80020001
2120e422
2120e122
e1883a30
31203331
20303120
e1213031
20302030
80020001
20e33031
20302030
20e33031
20302030
20e33031
20302030
20e32130
80020001
203020e3
2120e422
2120e122
e1882a30
31203331
20303120
e1213031
80020001
20302030
20e33031
20302030
20e33031
20302030
20e32120
e42120e4
80020001
2120e422
2120e122
e1882a30
31203331
20303120
e1213031
20302030
80020001
20e33031
20302030
20e33031
20302030
20e360fe
c440e5fe
c48060fe
80020001
c440e1fe
c480c440
e360c440
e1c480fe
c440e360
e1c44060
c440e260
80020001
e1c44060
e1c44060
d814c420
60eac600
60d812fe
c60060fe
d812c600
80020001
db9150e7
588013fe
88252124
212021e1
20e42120
e42120e4
2120e421
80020001
20e42120
e4222120
e122e1fe
882a2124
212021e1
20e42120
e42120e4
80020001
2120e421
20e42120
e4222120
e122e1fe
882a2124
212021e1
20e42120
80020001
e42120e4
2120e421
20e42120
e4222120
e122e1fe
883a2124
212021e1
80020001
20e42120
e42120e4
2120e421
20e42120
e4222120
e122e1fe
882a2124
80020001
212021e1
20e42120
e42120e4
2120e421
20e42120
e4222120
e122e1fe
80020001
882a2124
212021e1
20e42120
e42120e4
2120e421
20e42120
e4222120
80020001
e122e1fe
883a2124
212021e1
20e42120
e42120e4
2120e421
20e42120
80020001
e4222120
e122e1fe
882a2124
212021e1
20e42120
e42120e4
2120e421
80020001
20e42120
e4222120
e122e1fe
882a2124
212021e1
20e42120
e42120e4
80020001
2120e421
20e42120
e4222120
e122e1fe
883a2124
212021e1
20e42120
80020001
e42120e4
2120e421
20e42120
e4222120
e122e1fe
882a2124
212021e1
80020001
20e42120
e42120e4
2120e421
20e42120
e4222120
e122e1fe
882a2124
80020001
212021e1
20e42120
e42120e4
2120e421
20e42120
e4222120
e122e1fe
80020001
84155bfe
9413e150
d8d7c600
dbff50e7
588013fe
88252124
212021e1
80020001
20e42120
e42120e4
2120e421
20e42120
e4222120
e122e1fe
882a2124
80020001
212021e1
20e42120
e42120e4
2120e421
20e42120
e4222120
e122e1fe
80020001
882a2124
212021e1
20e42120
e42120e4
2120e421
20e42120
e4222120
80020001
e122e1fe
883a2124
212021e1
20e42120
e42120e4
2120e421
20e42120
80020001
e4222120
e122e1fe
882a2124
212021e1
20e42120
e42120e4
2120e421
80020001
20e42120
e4222120
e122e1fe
882a2124
212021e1
20e42120
e42120e4
80020001
2120e421
20e42120
e4222120
e122e1fe
883a2133
31202120
21303120
80020001
e5303120
e5303120
e5303120
e52120e4
2120e422
2120e122
e1882a21
80020001
33312021
20213031
20e53031
20e53031
20e52120
e42120e4
2120e422
80020001
2120e122
e1882a21
33312021
20213031
20e53031
20e53031
20e52120
80020001
e42120e4
2120e422
2120e122
e1883a30
31203331
20303120
e1213031
80020001
20302030
20e33031
20302030
20e33031
20302030
20e33031
20302030
80020001
20e32120
e42120e4
222120e1
22e1882a
30312033
31203031
20e12130
80020001
31203020
3020e330
31203020
3020e330
31203020
3020e321
20e42120
80020001
e42120e4
222120e1
22e1882a
30312033
31203031
20e12130
31203020
80020001
3020e330
31203020
3020e330
31203020
3020e321
20e42120
e42120e4
80020001
222120e1
22e18415
5b9413e1
50d9c7fe
c600dbff
50e758fe
80138825
80020001
21242120
21e120e4
2120e421
20e42120
e42120e4
2120e422
2120e122
80020001
e1882a21
24212021
e120e421
20e42120
e42120e4
2120e421
20e42221
80020001
20e122e1
882a2124
212021e1
20e42120
e42120e4
2120e421
20e42120
80020001
e4222120
e122e1fe
883a2124
212021e1
20e42120
e42120e4
2120e421
80020001
20e42120
e4222120
e122e1fe
882a2124
212021e1
20e42120
e42120e4
80020001
2120e421
20e42120
e4222120
e122e1fe
882a2124
212021e1
20e42120
80020001
e42120e4
2120e421
20e42120
e4222120
e122e1fe
883a2124
212021e1
80020001
20e42120
e42120e4
2120e421
20e42120
e4222120
e122e1fe
882a2124
80020001
212021e1
20e42120
e42120e4
2120e421
20e42120
e4222120
e122e1fe
80020001
882a2124
212021e1
20e42120
e42120e4
2120e421
20e42120
e4222120
80020001
e122e1fe
883a2124
212021e1
20e42120
e42120e4
2120e421
20e42120
80020001
e4222120
e122e1fe
882a2124
212021e1
20e42120
e42120e4
2120e421
80020001
20e42120
e4222120
e122e1fe
882a2124
212021e1
20e42120
e42120e4
80020001
2120e421
20e42120
e4222120
e122e1fe
84155bfe
9413e150
db37c600
80020001
dbff50e8
588013fe
88252124
212021e1
20e42120
e42120e4
2120e421
80020001
20e42120
e4222120
e122e1fe
882a2124
212021e1
20e42120
e42120e4
80020001
2120e421
20e42120
e4222120
e122e1fe
882a2124
212021e1
20e42120
80020001
e42120e4
2120e421
20e42120
e4222120
e122e1fe
883a2124
212021e1
80020001
20e42120
e42120e4
2120e421
20e42120
e4222120
e122e1fe
882a2124
80020001
212021e1
20e42120
e42120e4
2120e421
c440e460
c440e560
e1c44060
80020001
c440e260
e1c44060
e1c44060
d822c480
60e1c480
60e4c440
60c480fe
80020001
c44060e3
c44060fe
c480c440
e160c440
60c440e1
c480c440
e360c440
80020001
e1c480fe
c440e360
c440e1fe
c480c440
e360c440
e560c440
e560c440
80020001
e560e1fe
c44060fe
c440e260
e1c44060
e1c44060
d834c480
60e4c440
80020001
60c480fe
c44060e2
c48060fe
c480e1fe
c44060fe
c440e160
c440c480
80020001
e160c480
c440e1fe
c480c440
e3c48060
c480e1fe
c440e1fe
c480c440
80020001
e3c48060
c480e1fe
c440e5fe
c480e160
c480c440
e1c480fe
c440e360
80020001
c440e1fe
c480c440
e360c440
e1c480fe
c440e360
e1c44060
c440e260
80020001
e1c44060
e1c44060
d824c480
60e4c440
60c480fe
c44060e2
c48060fe
80020001
c480e1fe
c44060fe
c440e160
c440c480
e160c480
c440c480
c440e4fe
80020001
c48060fe
c480c440
c480c440
c480c440
e3c48060
c480e1fe
c440e560
80020001
c480c440
e560c480
c440e560
c480c440
e560c480
60c44060
c440e260
80020001
e1c44060
e1c44060
d822c480
60e6c440
60c480fe
c44060e2
c480e160
80020001
c480c440
60c480fe
c440e160
c440c480
60c480e1
c440e1fe
c480c440
80020001
e3c48060
c480e1fe
c440e5fe
c480e160
c480c440
e560c440
e560c480
80020001
c440e1fe
c480c440
e360c440
e1c480fe
c440e360
e1c44060
c440e260
80020001
e1c44060
e1c44060
d832c480
60e1c480
60e4c440
c480e160
c480c440
80020001
60e2c480
e160c480
c440c480
e160c480
c440e160
c440c480
e160c480
80020001
c440c480
e1c440fe
c480e1fe
c440e3fe
c48060fe
c480c440
c480e1fe
80020001
c440c480
c440e3fe
c48060fe
c480e1fe
c440c480
c440c480
e1c440e3
80020001
c48060fe
c480e1fe
c440c480
e1c440fe
c480e1fe
c440e360
c440e560
80020001
c480c440
e1c480fe
c440e360
e1c44060
c440e260
e1c44060
e1c44060
80020001
d821c480
60e6c480
60c440fe
c48060fe
c480e1fe
c44060e2
c48060fe
80020001
c480e1fe
c440c480
e160c480
e1c440e1
60c440fe
c48060fe
c480c440
80020001
c480e1fe
c440c480
e1c440e3
c48060fe
c480e1fe
c440c480
e1c440fe
80020001
c480c440
e3c480e1
60c480fe
c440c480
c440c480
e1c440e3
c48060fe
80020001
c440e1fe
c480c440
e360c440
e1c480fe
c440e360
c440e1fe
c480c440
80020001
e360e1fe
c44060fe
c440e260
e1c44060
e1c44060
d822c480
60e1c480
80020001
60e4c440
c480e160
c480c440
60e2c480
e160c480
c440c480
e160c480
80020001
e1c440e1
60c440fe
c48060fe
c480e1fe
c440c480
c440c480
e1c440e3
80020001
c48060fe
c480e1fe
c440c480
c440c480
e1c440e3
c48060fe
c480e1fe
80020001
c440c480
e1c440fe
c480c440
e3c48060
c440e5fe
c48060fe
c440e5fe
80020001
c48060fe
c440e5fe
c48060e1
c44060fe
c440e260
e1c44060
e1c44060
80020001
d814c420
605a9413
e15850fe
da248013
88252124
212021e1
20e42120
80020001
e42120e4
2120e421
20e42120
e4222120
e122e1fe
882a2124
212021e1
80020001
20e42120
e42120e4
2120e421
20e42120
e4222120
e122e1fe
882a2124
80020001
212021e1
20e42120
e42120e4
2120e421
20e42120
e4222120
e122e1fe
80020001
883a2124
212021e1
20e42120
e42120e4
2120e421
20e42120
e4222120
80020001
e122e1fe
882a2124
212021e1
20e42120
e42120e4
2120e421
20e42120
80020001
e4222120
e122e1fe
981e60ea
c44060fe
c44060e3
c44060fe
c440e160
80020001
c44060fe
c440e560
c440e560
c440e560
c440e560
c440e560
c440e560
80020001
e1c44060
c440e260
e1c44060
e1c44060
d839c440
60c44060
e3c44060
80020001
c440e160
c44060fe
c440e560
c440e560
c440e560
c440e560
c440e560
80020001
c440e560
e1c44060
c440e260
e1c44060
e1c44060
d829c440
60c44060
80020001
e3c44060
c440e160
c44060fe
c440e560
c440e560
c440e560
c440e560
80020001
c440e560
c440e560
e1c44060
c440e260
e1c44060
e1c44060
d829c440
80020001
60c44060
e3c44060
c440e160
c44060fe
c440e560
c440e560
c440e560
80020001
c440e560
c440e5fe
c48060fe
c440e5fe
c48060e1
c44060fe
c440e260
80020001
e1c44060
e1c44060
d839c440
60c44060
e3c44060
c440e160
c44060fe
80020001
c440e560
c440c480
c440e460
c440c480
c440e460
c440c480
c440e460
80020001
c440c480
c440e460
c440c480
c440e460
e1c44060
c440e260
e1c44060
80020001
e1c44060
d829c440
60c44060
e3c44060
c440e160
c440c480
60c480fe
80020001
c440e560
c480c440
e1c480fe
c440e360
c440e1fe
c480c440
e360c440
80020001
c480c440
c480c440
e360c480
c440c480
c440e4fe
c48060fe
c480c440
80020001
e1c480fe
c440e360
e1c44060
c440e260
e1c44060
e1c44060
d829c440
80020001
60c44060
e3c44060
c480e1fe
c440e160
c44060fe
c440c480
e1c440fe
80020001
c480c440
e360c480
c440c480
c440e460
c440e1fe
c480e1fe
c440e360
80020001
c440c480
e1c440fe
c480c440
e360c440
c480c440
c480c440
e360c480
80020001
c440c480
c440e4fe
c48060fe
c48060fe
c44060fe
c440e260
e1c44060
80020001
e1c44060
d814c420
60eac600
60d812fe
c60060fe
d812c600
60e6cc00
80020001
d813ce00
cc00d810
cc10cc00
e6cc80fe
cc00eefe
cc80cc00
e2cc80fe
80020001
cc00e2fe
cc80cc00
d83e70fe
d9e9c820
70e3ca00
70e7ca00
70d812fe
80020001
c81070fe
d810c880
70c88070
d812c840
70c84070
e3c84070
c840e170
80020001
c84070fe
c840e570
c840e570
c840e570
c840e570
c840e570
c840e570
80020001
e1c84070
c840e270
e1c84070
e1c84070
e4c88070
e2c88070
eac88070
80020001
d816c840
70c84070
e3c84070
c840e170
c84070fe
c840e570
c840e570
80020001
c840e570
c840e570
c840e570
c840e570
e1c84070
c840e270
e1c84070
80020001
e1c84070
e3c88070
d825c840
70c84070
e3c84070
c840e170
c84070fe
80020001
c840e570
c840e570
c840e570
c840e570
c840e570
c840e570
e1c84070
80020001
c840e270
e1c84070
e1c84070
d839c840
70c84070
e3c84070
c840e170
80020001
c84070fe
c840e570
c840e570
c840e570
c840e570
c840e570
c840e570
80020001
e1c84070
c840e270
e1c84070
e1c84070
d829c840
70c84070
e3c84070
80020001
c840e170
c84070fe
c840e570
c840e570
c840e570
c840e570
c840e570
80020001
c840e570
e1c84070
c840e270
e1c84070
e1c84070
d829c840
70c84070
80020001
e3c84070
c840e170
c84070fe
c840e570
c840e570
c840e570
c840e570
80020001
c840e570
c840e570
e1c84070
c840e270
e1c84070
e1c84070
d839c840
80020001
70c84070
e2c88070
c880c840
70c840e1
70c840fe
c88070fe
c880c840
80020001
e5c88070
c880c840
e5c88070
c880c840
e5c88070
c880c840
e570c840
80020001
e570c840
e570e1fe
c84070fe
c840e270
e1c84070
e1c84070
d829c840
80020001
70c84070
e2c88070
c880c840
70c840e1
70c840fe
c88070fe
c880c840
80020001
e320e130
3120e530
3120e521
20e42120
e42120e4
222120e1
22e1882a
80020001
21333120
21202130
3120e530
3120e530
3120e521
20e42120
e42120e4
80020001
222120e1
22e1883a
30312033
c481c440
c48060fe
c480c440
e160c440
80020001
c48060fe
c480e1fe
c440c480
c440c480
e1c440e3
c48060fe
c480e1fe
80020001
c440c480
e1c440fe
c480c440
e3c480e1
60c480fe
c440c480
e1c440fe
80020001
c480e1fe
c440e3fe
c48060fe
c480e1fe
c440c480
e1c440fe
c480c440
80020001
e360c440
e1c480fe
c440e360
c480c440
e560e1fe
c44060fe
c440e260
80020001
e1c44060
e1c44060
d823c480
60e5c440
c480e160
c480e1fe
c44060e2
80020001
c48060fe
c480e1fe
c440c480
60c480e1
c440e160
c440c480
60c480e1
80020001
c440c480
e1c440fe
c480c440
e3c480e1
60c480fe
c440c480
e1c440fe
80020001
c480c440
e3c480e1
60c480fe
c440c480
e1c440fe
c480e1fe
c440e3fe
80020001
c48060fe
c480c440
e560c480
c440e560
c480c440
e560c480
60c44060
80020001
c440e260
e1c44060
e1c44060
d822c480
60e6c480
c440c480
60c480fe
80020001
c44060e2
c48060fe
c480c440
c480e160
c480c440
e160c440
c48060fe
80020001
c480c440
c480e1fe
c440c480
e1c440e3
c48060fe
c480e1fe
c440c480
80020001
c440c480
e1c440e3
c48060fe
c480e1fe
c440c480
e1c440fe
c480c440
80020001
e360c480
c440e1fe
c480c440
e360c440
e560c480
c440e1fe
c480c440
80020001
e360e1fe
c44060fe
c440e260
e1c44060
e1c44060
d814c420
60eac600
80020001
60d812fe
c60060fe
d812c600
da3d50e8
588013fe
88252124
212021e1
80020001
20e42120
e42120e4
2120e421
20e42120
e4222120
e122e1fe
882a2124
80020001
212021e1
20e42120
e42120e4
2120e421
20e42120
e4222120
e122e1fe
80020001
882a2124
212021e1
20e42120
e42120e4
2120e421
20e42120
e4222120
80020001
e122e1fe
883a2124
212021e1
20e42120
e42120e4
2120e421
20e42120
80020001
e4222120
e122e1fe
882a2124
212021e1
20e42120
e42120e4
2120e421
80020001
20e42120
e4222120
e122e1fe
882a2124
212021e1
20e42120
e42120e4
80020001
2120e421
20e42120
e4222120
e122e1fe
883a2124
212021e1
20e42120
80020001
e42120e4
2120e421
20e42120
e4222120
e122e1fe
882a2124
212021e1
80020001
20e42120
e42120e4
2120e421
20e42120
e4222120
e122e1fe
882a2124
80020001
212021e1
20e42120
e42120e4
2120e421
20e42120
e4222120
e122e1fe
80020001
883a2124
212021e1
20e42120
e42120e4
2120e421
20e42120
e4222120
80020001
e122e1fe
882a2124
212021e1
20e42120
e42120e4
2120e421
20e42120
80020001
e4222120
e122e1fe
882a2124
212021e1
20e42120
e42120e4
2120e421
80020001
20e42120
e4222120
e122e1fe
84155bfe
9413e150
dbffdbcd
c600dbff
80020001
50e858fe
80138825
21242120
21e120e4
2120e421
20e42120
e42120e4
80020001
2120e422
2120e122
e1882a21
24212021
e120e421
20e42120
e42120e4
80020001
2120e421
20e42221
20e122e1
882a2124
212021e1
20e42120
e42120e4
80020001
2120e421
20e42120
e4222120
e122e1fe
883a2124
212021e1
20e42120
80020001
e42120e4
2120e421
20e42120
e4222120
e122e1fe
882a2124
212021e1
80020001
20e42120
e42120e4
2120e421
20e42120
e4222120
e122e1fe
882a2124
80020001
212021e1
20e42120
e42120e4
2120e421
20e42120
e4222120
e122e1fe
80020001
883a2133
31202120
21303120
e5303120
e5303120
e5303120
e52120e4
80020001
2120e422
2120e122
e1882a21
33312021
20213031
20e53031
20e53031
80020001
20e52120
e42120e4
2120e422
2120e122
e1882a21
33312021
20213031
80020001
20e53031
20e53031
20e52120
e42120e4
2120e422
2120e122
e1883a30
80020001
31203331
20303120
e1213031
20302030
20e33031
20302030
20e33031
80020001
20302030
20e33031
20302030
20e32120
e42120e4
222120e1
22e1882a
80020001
30312033
31203031
20e12130
31203020
3020e330
31203020
3020e330
80020001
31203020
3020e321
20e42120
e42120e4
222120e1
22e1882a
30312033
80020001
31203031
20e12130
31203020
3020e330
31203020
3020e330
31203020
80020001
3020e321
20e42120
e42120e4
222120e1
22e18415
5b9413e1
50dbfffe
80020001
dbffdbff
dbffe2fe
c600dbff
50e758fe
80138825
21242120
21e120e4
80020001
2120e421
20e42120
e42120e4
2120e422
2120e122
e1882a21
24212021
80020001
e120e421
20e42120
e42120e4
2120e421
20e42221
20e122e1
882a2124
80020001
212021e1
20e42120
e42120e4
2120e421
20e42120
e4222120
e122e1fe
80020001
883a2124
212021e1
20e42120
e42120e4
2120e421
20e42120
e4222120
80020001
e122e1fe
882a2124
212021e1
20e42120
e42120e4
2120e421
20e42120
80020001
e4222120
e122e1fe
882a2124
212021e1
20e42120
e42120e4
2120e421
80020001
20e42120
e4222120
e122e1fe
883a2124
212021e1
20e42120
e42120e4
80020001
2120e421
20e42120
e4222120
e122e1fe
882a2124
212021e1
20e42120
80020001
e42120e4
2120e421
20e42120
e4222120
e122e1fe
882a2124
212021e1
80020001
20e42120
e42120e4
2120e421
20e42120
e4222120
e122e1fe
883a2124
80020001
212021e1
20e42120
e42120e4
2120e421
20e42120
e4222120
e122e1fe
80020001
882a2124
212021e1
20e42120
e42120e4
2120e421
20e42120
e4222120
80020001
e122e1fe
882a2124
212021e1
20e42120
e42120e4
2120e421
20e42120
80020001
e4222120
e122e1fe
84155bfe
9413e150
dbffda7c
c600dbff
50e758fe
80020001
80138825
21242120
21e120e4
2120e421
20e42120
e42120e4
2120e422
80020001
2120e122
e1882a21
24212021
e120e421
20e42120
e42120e4
2120e421
80020001
20e42221
20e122e1
882a2124
212021e1
20e42120
e42120e4
2120e421
80020001
20e42120
e4222120
e122e1fe
883a2124
212021e1
20e42120
e42120e4
80020001
2120e421
20e42120
e4222120
e122e1fe
882a2124
212021e1
20e42120
80020001
e42120e4
2120e421
20e42120
e4222120
e122e1fe
882a2124
212021e1
80020001
20e42120
e42120e4
2120e421
20e42120
e4222120
e122e1fe
883a2133
80020001
31202120
21303120
e5303120
e5303120
e5303120
e52120e4
2120e422
80020001
2120e122
e1882a21
33312021
20213031
20e53031
20e53031
20e52120
80020001
e42120e4
2120e422
2120e122
e1882a21
33312021
20213031
20e53031
80020001
20e53031
20e52120
e42120e4
2120e422
2120e122
e1883a30
31203331
80020001
20303120
e1213031
20302030
20e33031
20302030
20e33031
20302030
80020001
20e33031
20302030
20e32120
e42120e4
222120e1
22e1882a
30312033
80020001
31203031
20e12130
31203020
3020e330
31203020
3020e330
31203020
80020001
3020e321
20e42120
e42120e4
222120e1
22e1882a
30312033
31203031
80020001
20e12130
31203020
3020e330
31203020
3020e330
31203020
3020e321
80020001
20e42120
e42120e4
222120e1
22e18415
5b9413e1
50dbfffe
dae8c600
80020001
dbff50e7
588013fe
88252124
212021e1
20e42120
e42120e4
2120e421
80020001
20e42120
e4222120
e122e1fe
882a2124
212021e1
20e42120
e42120e4
80020001
2120e421
20e42120
e4222120
e122e1fe
882a2124
212021e1
20e42120
80020001
e42120e4
2120e421
20e42120
e4222120
e122e1fe
883a2124
212021e1
80020001
20e42120
e42120e4
2120e421
20e42120
e4222120
e122e1fe
882a2124
80020001
212021e1
20e42120
e42120e4
2120e421
20e42120
e4222120
e122e1fe
80020001
882a2124
212021e1
20e42120
e42120e4
2120e421
20e42120
e4222120
80020001
e122e1fe
883a2124
212021e1
20e42120
e42120e4
2120e421
20e42120
80020001
e4222120
e122e1fe
882a2124
212021e1
20e42120
e42120e4
2120e421
80020001
20e42120
e4222120
e122e1fe
882a2124
212021e1
20e42120
e42120e4
80020001
2120e421
20e42120
e4222120
e122e1fe
883a2124
212021e1
20e42120
80020001
e42120e4
2120e421
20e42120
e4222120
e122e1fe
882a2124
212021e1
80020001
20e42120
e42120e4
2120e421
20e42120
e4222120
e122e1fe
882a2124
80020001
212021e1
20e42120
e42120e4
2120e421
20e42120
e4222120
e122e1fe
80020001
84155bfe
9413e178
70d821fe
c88070e4
ca0070fe
d810c810
70e9c880
80020001
70e2c880
70e2c880
70da34fe
c82070e3
ca00db76
50dbfffe
dbffdbff
80020001
dbffdbff
dbffdbff
dbffdbff
dbffdbff
dbffdbff
dbffdbff
dbffdbff
80020001
dbffdbff
dbffdbff
daf2fefe
dc000000
fefefefe
fefefefe
fefefefe