00000000
00000000
00000000
00000000
00000000
00000000
00000000
00000000
00000000
00000000
00000000
00000000
00000000
00000000
00000000
00000000
00000000
00000000
00000000
00000000
00000000
00000000
00000000
00000000
00000000
00000000
00000000
00000000
00000000
00000000
00000000
00000000
00000000
00000000
00000000
00000000
00000000
00000000
00000000
00000000
00000000
00000000
00000000
00000000
00000000
00000000
00000000
00000000
00000000
00000000
00000000
00000000
00000000
00000000
00000000
00000000
00000000
00000000
00000000
00000000
00000000
00000000
00000000
00000000
00000000
00000000
00000000
00000000
00000000
00000000
00000000
00000000
00000000
00000000
00000000
00000000
00000000
00000000
00000000
00000000
00000000
00000000
00000000
00000000
00000000
00000000
00000000
00000000
00000000
00000000
00000000
00000000
00000000
00000000
00000000
00000000
00000000
00000000
00000000
00000000
00000000
00000000
00000000
00000000
00000000
00000000
00000000
00000000
00000000
00000000
00000000
00000000
00000000
00000000
00000000
00000000
00000000
00000000
00000000
00000000
00000000
00000000
00000000
00000000
00000000
00000000
00000000
00000000
00000000
00000000
00000000
00000000
00000000
00000000
00000000
00000000
00000000
00000000
00000000
00000000
00000000
00000000
00000000
00000000
00000000
00000000
00000000
00000000
00000000
00000000
00000000
00000000
00000000
00000000
00000000
00000000
00000000
00000000
00000000
00000000
00000000
00000000
00000000
00000000
00000000
00000000
00000000
00000000
00000000
00000000
00000000
00000000
00000000
00000000
00000000
00000000
00000000
00000000
00000000
00000000
00000000
00000000
00000000
00000000
00000000
00000000
00000000
00000000
00000000
00000000
00000000
00000000
00000000
00000000
00000000
00000000
00000000
00000000
00000000
00000000
00000000
00000000
00000000
00000000
00000000
00000000
00000000
00000000
00000000
00000000
00000000
00000000
00000000
00000000
00000000
00000000
00000000
00000000
00000000
00000000
00000000
00000000
00000000
00000000
00000000
00000000
00000000
00000000
00000000
00000000
00000000
00000000
00000000
00000000
00000000
00000000
00000000
00000000
00000000
00000000
00000000
00000000
00000000
00000000
00000000
00000000
00000000
00000000
00000000
00000000
00000000
00000000
00000000
00000000
00000000
00000000
00000000
00000000
00000000
00000000
00000000
00000000
00000000
00000000
00000000
00000000
00000000
00000000
00000000
00000000
00000000
00000000
00000000
00000000
00000000
00000000
00000000
00000000
00000000
00000000
00000000
00000000
00000000
00000000
00000000
00000000
00000000
00000000
00000000
00000000
00000000
00000000
00000000
00000000
00000000
00000000
00000000
00000000
00000000
00000000
00000000
00000000
00000000
00000000
00000000
00000000
00000000
00000000
00000000
00000000
00000000
00000000
00000000
00000000
00000000
00000000
00000000
00000000
00000000
00000000
00000000
00000000
00000000
00000000
00000000
00000000
00000000
00000000
00000000
00000000
00000000
00000000
00000000
00000000
00000000
00000000
00000000
00000000
00000000
00000000
00000000
00000000
00000000
00000000
00000000
00000000
00000000
00000000
00000000
00000000
00000000
00000000
00000000
00000000
00000000
00000000
00000000
00000000
00000000
00000000
00000000
00000000
00000000
00000000
00000000
00000000
00000000
00000000
00000000
00000000
00000000
00000000
00000000
00000000
00000000
00000000
00000000
00000000
00000000
00000000
00000000
00000000
00000000
00000000
00000000
00000000
00000000
00000000
00000000
00000000
00000000
00000000
00000000
00000000
00000000
00000000
00000000
00000000
00000000
00000000
00000000
00000000
00000000
00000000
00000000
00000000
00000000
00000000
00000000
00000000
00000000
00000000
00000000
00000000
00000000
00000000
00000000
00000000
00000000
00000000
00000000
00000000
00000000
00000000
00000000
00000000
00000000
00000000
00000000
00000000
00000000
00000000
00000000
00000000
00000000
00000000
00000000
00000000
00000000
00000000
00000000
00000000
00000000
00000000
00000000
00000000
00000000
00000000
00000000
00000000
00000000
00000000
00000000
00000000
00000000
00000000
00000000
00000000
00000000
00000000
00000000
00000000
00000000
00000000
00000000
00000000
00000000
00000000
00000000
00000000
00000000
00000000
00000000
00000000
00000000
00000000
00000000
00000000
00000000
00000000
00000000
00000000
00000000
00000000
00000000
00000000
00000000
00000000
00000000
00000000
00000000
00000000
00000000
00000000
00000000
00000000
00000000
00000000
00000000
00000000
00000000
00000000
00000000
00000000
00000000
00000000
00000000
00000000
00000000
00000000
00000000
00000000
00000000
00000000
00000000
00000000
00000000
00000000
00000000
00000000
00000000
00000000
00000000
00000000
00000000
00000000
00000000
00000000
00000000
00000000
00000000
00000000
00000000
00000000
00000000
00000000
00000000
00000000
00000000
00000000
00000000
00000000
00000000
00000000
00000000
00000000
00000000
00000000
00000000
00000000
00000000
00000000
00000000
00000000
00000000
00000000
00000000
00000000
00000000
00000000
00000000
00000000
00000000
00000000
00000000
00000000
00000000
00000000
00000000
00000000
00000000
00000000
00000000
00000000
00000000
00000000
00000000
00000000
00000000
00000000
00000000
00000000
00000000
00000000
00000000
00000000
00000000
00000000
00000000
00000000
00000000
00000000
00000000
00000000
00000000
00000000
00000000
00000000
00000000
00000000
00000000
00000000
00000000
00000000
00000000
00000000
00000000
00000000
00000000
00000000
00000000
00000000
00000000
00000000
00000000
00000000
00000000
00000000
00000000
00000000
00000000
00000000
00000000
00000000
00000000
00000000
00000000
00000000
00000000
00000000
00000000
00000000
00000000
00000000
00000000
00000000
00000000
00000000
00000000
00000000
00000000
00000000
00000000
00000000
00000000
00000000
00000000
00000000
00000000
00000000
00000000
00000000
00000000
00000000
00000000
00000000
00000000
00000000
00000000
00000000
00000000
00000000
00000000
00000000
00000000
00000000
00000000
00000000
00000000
00000000
00000000
00000000
00000000
00000000
00000000
00000000
00000000
00000000
00000000
00000000
00000000
00000000
00000000
00000000
00000000
00000000
00000000
00000000
00000000
00000000
00000000
00000000
00000000
00000000
00000000
00000000
00000000
00000000
00000000
00000000
00000000
00000000
00000000
00000000
00000000
00000000
00000000
00000000
00000000
00000000
00000000
00000000
00000000
00000000
00000000
00000000
00000000
00000000
00000000
00000000
00000000
00000000
00000000
00000000
00000000
00000000
00000000
00000000
00000000
00000000
00000000
00000000
00000000
00000000
00000000
00000000
00000000
00000000
00000000
00000000
00000000
00000000
00000000
00000000
00000000
00000000
00000000
00000000
00000000
00000000
00000000
00000000
00000000
00000000
00000000
00000000
00000000
00000000
00000000
00000000
00000000
00000000
00000000
00000000
00000000
00000000
00000000
00000000
00000000
00000000
00000000
00000000
00000000
00000000
00000000
00000000
00000000
00000000
00000000
00000000
00000000
00000000
00000000
00000000
00000000
00000000
00000000
00000000
00000000
00000000
00000000
00000000
00000000
00000000
00000000
00000000
00000000
00000000
00000000
00000000
00000000
00000000
00000000
00000000
00000000
00000000
00000000
00000000
00000000
00000000
00000000
00000000
00000000
00000000
00000000
00000000
00000000
00000000
00000000
00000000
00000000
00000000
00000000
00000000
00000000
00000000
00000000
00000000
00000000
00000000
00000000
00000000
00000000
00000000
00000000
00000000
00000000
00000000
00000000
00000000
00000000
00000000
00000000
00000000
00000000
00000000
00000000
00000000
00000000
00000000
00000000
00000000
00000000
00000000
00000000
00000000
00000000
00000000
00000000
00000000
00000000
00000000
00000000
00000000
00000000
00000000
00000000
00000000
00000000
00000000
00000000
00000000
00000000
00000000
00000000
00000000
00000000
00000000
00000000
00000000
00000000
00000000
00000000
00000000
00000000
00000000
00000000
00000000
00000000
00000000
00000000
00000000
00000000
00000000
00000000
00000000
00000000
00000000
00000000
00000000
00000000
00000000
00000000
00000000
00000000
00000000
00000000
00000000
00000000
00000000
00000000
00000000
00000000
00000000
00000000
00000000
00000000
00000000
00000000
00000000
00000000
00000000
00000000
00000000
00000000
00000000
00000000
00000000
00000000
00000000
00000000
00000000
00000000
00000000
00000000
00000000
00000000
00000000
00000000
00000000
00000000
00000000
00000000
00000000
00000000
00000000
00000000
00000000
00000000
00000000
00000000
00000000
00000000
00000000
00000000
00000000
00000000
00000000
00000000
00000000
00000000
00000000
00000000
00000000
00000000
00000000
00000000
00000000
00000000
00000000
00000000
00000000
00000000
00000000
00000000
00000000
00000000
00000000
00000000
00000000
00000000
00000000
00000000
00000000
00000000
00000000
00000000
00000000
00000000
00000000
00000000
00000000
00000000
00000000
00000000
00000000
00000000
00000000
00000000
00000000
00000000
00000000
00000000
00000000
00000000
00000000
00000000
00000000
00000000
00000000
00000000
00000000
00000000
00000000
00000000
00000000
00000000
00000000
00000000
00000000
00000000
00000000
00000000
00000000
00000000
00000000
00000000
00000000
00000000
00000000
00000000
00000000
00000000
00000000
00000000
00000000
00000000
00000000
00000000
00000000
00000000
00000000
00000000
00000000
00000000
00000000
00000000
00000000
00000000
00000000
00000000
00000000
00000000
00000000
00000000
00000000
00000000
00000000
00000000
00000000
00000000
00000000
00000000
00000000
00000000
00000000
00000000
00000000
00000000
00000000
00000000
00000000
00000000
00000000
00000000
00000000
00000000
00000000
00000000
00000000
00000000
00000000
00000000
00000000
00000000
00000000
00000000
00000000
00000000
00000000
00000000
00000000
00000000
00000000
00000000
00000000
00000000
00000000
00000000
00000000
00000000
00000000
00000000
00000000
00000000
00000000
00000000
00000000
00000000
00000000
00000000
00000000
00000000
00000000
00000000
00000000
00000000
00000000
00000000
00000000
00000000
00000000
00000000
00000000
00000000
00000000
00000000
00000000
00000000
00000000
00000000
00000000
00000000
00000000
00000000
00000000
00000000
00000000
00000000
00000000
00000000
00000000
00000000
00000000
00000000
00000000
00000000
00000000
00000000
00000000
00000000
00000000
00000000
00000000
00000000
00000000
00000000
00000000
00000000
00000000
00000000
00000000
00000000
00000000
00000000
00000000
00000000
00000000
00000000
00000000
00000000
00000000
00000000
00000000
00000000
00000000
00000000
00000000
00000000
00000000
00000000
00000000
00000000
00000000
00000000
00000000
00000000
00000000
00000000
00000000
00000000
00000000
00000000
00000000
00000000
00000000
00000000
00000000
00000000
00000000
00000000
00000000
00000000
00000000
00000000
00000000
00000000
00000000
00000000
00000000
00000000
00000000
00000000
00000000
00000000
00000000
00000000
00000000
00000000
00000000
00000000
00000000
00000000
00000000
00000000
00000000
00000000
00000000
00000000
00000000
00000000
00000000
00000000
00000000
00000000
00000000
00000000
00000000
00000000
00000000
00000000
00000000
00000000
00000000
00000000
00000000
00000000
00000000
00000000
00000000
00000000
00000000
00000000
00000000
00000000
00000000
00000000
00000000
00000000
00000000
00000000
00000000
00000000
00000000
00000000
00000000
00000000
00000000
00000000
00000000
00000000
00000000
00000000
00000000
00000000
00000000
00000000
00000000
00000000
00000000
00000000
00000000
00000000
00000000
00000000
00000000
00000000
00000000
00000000
00000000
00000000
00000000
00000000
00000000
00000000
00000000
00000000
00000000
00000000
00000000
00000000
00000000
00000000
00000000
00000000
00000000
00000000
00000000
00000000
00000000
00000000
00000000
00000000
00000000
00000000
00000000
00000000
00000000
00000000
00000000
00000000
00000000
00000000
00000000
00000000
00000000
00000000
00000000
00000000
00000000
00000000
00000000
00000000
00000000
00000000
00000000
00000000
00000000
00000000
00000000
00000000
00000000
00000000
00000000
00000000
00000000
00000000
00000000
00000000
00000000
00000000
00000000
00000000
00000000
00000000
00000000
00000000
00000000
00000000
00000000
00000000
00000000
00000000
00000000
00000000
00000000
00000000
00000000
00000000
00000000
00000000
00000000
00000000
00000000
00000000
00000000
00000000
00000000
00000000
00000000
00000000
00000000
00000000
00000000
00000000
00000000
00000000
00000000
00000000
00000000
00000000
00000000
00000000
00000000
00000000
00000000
00000000
00000000
00000000
00000000
00000000
00000000
00000000
00000000
00000000
00000000
00000000
00000000
00000000
00000000
00000000
00000000
00000000
00000000
00000000
00000000
00000000
00000000
00000000
00000000
00000000
00000000
00000000
00000000
00000000
00000000
00000000
00000000
00000000
00000000
00000000
00000000
00000000
00000000
00000000
00000000
00000000
00000000
00000000
00000000
00000000
00000000
00000000
00000000
00000000
00000000
00000000
00000000
00000000
00000000
00000000
00000000
00000000
00000000
00000000
00000000
00000000
00000000
00000000
00000000
00000000
00000000
00000000
00000000
00000000
00000000
00000000
00000000
00000000
00000000
00000000
00000000
00000000
00000000
00000000
00000000
00000000
00000000
00000000
00000000
00000000
00000000
00000000
00000000
00000000
00000000
00000000
00000000
00000000
00000000
00000000
00000000
00000000
00000000
00000000
00000000
00000000
00000000
00000000
00000000
00000000
00000000
00000000
00000000
00000000
00000000
00000000
00000000
00000000
00000000
00000000
00000000
00000000
00000000
00000000
00000000
00000000
00000000
00000000
00000000
00000000
00000000
00000000
00000000
00000000
00000000
00000000
00000000
00000000
00000000
00000000
00000000
00000000
00000000
00000000
00000000
00000000
00000000
00000000
00000000
00000000
00000000
00000000
00000000
00000000
00000000
00000000
00000000
00000000
00000000
00000000
00000000
00000000
00000000
00000000
00000000
00000000
00000000
00000000
00000000
00000000
00000000
00000000
00000000
00000000
00000000
00000000
00000000
00000000
00000000
00000000
00000000
00000000
00000000
00000000
00000000
00000000
00000000
00000000
00000000
00000000
00000000
00000000
00000000
00000000
00000000
00000000
00000000
00000000
00000000
00000000
00000000
00000000
00000000
00000000
00000000
00000000
00000000
00000000
00000000
00000000
00000000
00000000
00000000
00000000
00000000
00000000
00000000
00000000
00000000
00000000
00000000
00000000
00000000
00000000
00000000
00000000
00000000
00000000
00000000
00000000
00000000
00000000
00000000
00000000
00000000
00000000
00000000
00000000
00000000
00000000
00000000
00000000
00000000
00000000
00000000
00000000
00000000
00000000
00000000
00000000
00000000
00000000
00000000
00000000
00000000
00000000
00000000
00000000
00000000
00000000
00000000
00000000
00000000
00000000
00000000
00000000
00000000
00000000
00000000
00000000
00000000
00000000
00000000
00000000
00000000
00000000
00000000
00000000
00000000
00000000
00000000
00000000
00000000
00000000
00000000
00000000
00000000
00000000
00000000
00000000
00000000
00000000
00000000
00000000
00000000
00000000
00000000
00000000
00000000
00000000
00000000
00000000
00000000
00000000
00000000
00000000
00000000
00000000
00000000
00000000
00000000
00000000
00000000
00000000
00000000
00000000
00000000
00000000
00000000
00000000
00000000
00000000
00000000
00000000
00000000
00000000
00000000
00000000
00000000
00000000
00000000
00000000
00000000
00000000
00000000
00000000
00000000
00000000
00000000
00000000
00000000
00000000
00000000
00000000
00000000
00000000
00000000
00000000
00000000
00000000
00000000
00000000
00000000
00000000
00000000
00000000
00000000
00000000
00000000
00000000
00000000
00000000
00000000
00000000
00000000
00000000
00000000
00000000
00000000
00000000
00000000
00000000
00000000
00000000
00000000
00000000
00000000
00000000
00000000
00000000
00000000
00000000
00000000
00000000
00000000
00000000
00000000
00000000
00000000
00000000
00000000
00000000
00000000
00000000
00000000
00000000
00000000
00000000
00000000
00000000
00000000
00000000
00000000
00000000
00000000
00000000
00000000
00000000
00000000
00000000
00000000
00000000
00000000
00000000
00000000
00000000
00000000
00000000
00000000
00000000
00000000
00000000
00000000
00000000
00000000
00000000
00000000
00000000
00000000
00000000
00000000
00000000
00000000
00000000
00000000
00000000
00000000
00000000
00000000
00000000
00000000
00000000
00000000
00000000
00000000
00000000
00000000
00000000
00000000
00000000
00000000
00000000
00000000
00000000
00000000
00000000
00000000
00000000
00000000
00000000
00000000
00000000
00000000
00000000
00000000
00000000
00000000
00000000
00000000
00000000
00000000
00000000
00000000
00000000
00000000
00000000
00000000
00000000
00000000
00000000
00000000
00000000
00000000
00000000
00000000
00000000
00000000
00000000
00000000
00000000
00000000
00000000
00000000
00000000
00000000
00000000
00000000
00000000
00000000
00000000
00000000
00000000
00000000
00000000
00000000
00000000
00000000
00000000
00000000
00000000
00000000
00000000
00000000
00000000
00000000
00000000
00000000
00000000
00000000
00000000
00000000
00000000
00000000
00000000
00000000
00000000
00000000
00000000
00000000
00000000
00000000
00000000
00000000
00000000
00000000
00000000
00000000
00000000
00000000
00000000
00000000
00000000
00000000
00000000
00000000
00000000
00000000
00000000
00000000
00000000
00000000
00000000
00000000
00000000
00000000
00000000
00000000
00000000
00000000
00000000
00000000
00000000
00000000
00000000
00000000
00000000
00000000
00000000
00000000
00000000
00000000
00000000
00000000
00000000
00000000
00000000
00000000
00000000
00000000
00000000
00000000
00000000
00000000
00000000
00000000
00000000
00000000
00000000
00000000
00000000
00000000
00000000
00000000
00000000
00000000
00000000
00000000
00000000
00000000
00000000
00000000
00000000
00000000
00000000
00000000
00000000
00000000
00000000
00000000
00000000
00000000
00000000
00000000
00000000
00000000
00000000
00000000
00000000
00000000
00000000
00000000
00000000
00000000
00000000
00000000
00000000
00000000
00000000
00000000
00000000
00000000
00000000
00000000
00000000
00000000
00000000
00000000
00000000
00000000
00000000
00000000
00000000
00000000
00000000
00000000
00000000
00000000
00000000
00000000
00000000
00000000
00000000
00000000
00000000
00000000
00000000
00000000
00000000
00000000
00000000
00000000
00000000
00000000
00000000
00000000
00000000
00000000
00000000
00000000
00000000
00000000
00000000
00000000
00000000
00000000
00000000
00000000
00000000
00000000
00000000
00000000
00000000
00000000
00000000
00000000
00000000
00000000
00000000
00000000
00000000
00000000
00000000
00000000
00000000
00000000
00000000
00000000
00000000
00000000
00000000
00000000
00000000
00000000
00000000
00000000
00000000
00000000
00000000
00000000
00000000
00000000
00000000
00000000
00000000
00000000
00000000
00000000
00000000
00000000
00000000
00000000
00000000
00000000
00000000
00000000
00000000
00000000
00000000
00000000
00000000
00000000
00000000
00000000
00000000
00000000
00000000
00000000
00000000
00000000
00000000
00000000
00000000
00000000
00000000
00000000
00000000
00000000
00000000
00000000
00000000
00000000
00000000
00000000
00000000
00000000
00000000
00000000
00000000
00000000
00000000
00000000
00000000
00000000
00000000
00000000
00000000
00000000
00000000
00000000
00000000
00000000
00000000
00000000
00000000
00000000
00000000
00000000
00000000
00000000
00000000
00000000
00000000
00000000
00000000
00000000
00000000
00000000
00000000
00000000
00000000
00000000
00000000
00000000
00000000
00000000
00000000
00000000
00000000
00000000
00000000
00000000
00000000
00000000
00000000
00000000
00000000
00000000
00000000
00000000
00000000
00000000
00000000
00000000
00000000
00000000
00000000
00000000
00000000
00000000
00000000
00000000
00000000
00000000
00000000
00000000
00000000
00000000
00000000
00000000
00000000
00000000
00000000
00000000
00000000
00000000
00000000
00000000
00000000
00000000
00000000
00000000
00000000
00000000
00000000
00000000
00000000
00000000
00000000
00000000
00000000
00000000
00000000
00000000
00000000
00000000
00000000
00000000
00000000
00000000
00000000
00000000
00000000
00000000
00000000
00000000
00000000
00000000
00000000
00000000
00000000
00000000
00000000
00000000
00000000
00000000
00000000
00000000
00000000
00000000
00000000
00000000
00000000
00000000
00000000
00000000
00000000
00000000
00000000
00000000
00000000
00000000
00000000
00000000
00000000
00000000
00000000
00000000
00000000
00000000
00000000
00000000
00000000
00000000
00000000
00000000
00000000
00000000
00000000
00000000
00000000
00000000
00000000
00000000
00000000
00000000
00000000
00000000
00000000
00000000
00000000
00000000
00000000
00000000
00000000
00000000
00000000
00000000
00000000
00000000
00000000
00000000
00000000
00000000
00000000
00000000
00000000
00000000
00000000
00000000
00000000
00000000
00000000
00000000
00000000
00000000
00000000
00000000
00000000
00000000
00000000
00000000
00000000
00000000
00000000
00000000
00000000
00000000
00000000
00000000
00000000
00000000
00000000
00000000
00000000
00000000
00000000
00000000
00000000
00000000
00000000
00000000
00000000
00000000
00000000
00000000
00000000
00000000
00000000
00000000
00000000
00000000
00000000
00000000
00000000
00000000
00000000
00000000
00000000
00000000
00000000
00000000
00000000
00000000
00000000
00000000
00000000
00000000
00000000
00000000
00000000
00000000
00000000
00000000
00000000
00000000
00000000
00000000
00000000
00000000
00000000
00000000
00000000
00000000
00000000
00000000
00000000
00000000
00000000
00000000
00000000
00000000
00000000
00000000
00000000
00000000
00000000
00000000
00000000
00000000
00000000
00000000
00000000
00000000
00000000
00000000
00000000
00000000
00000000
00000000
00000000
00000000
00000000
00000000
00000000
00000000
00000000
00000000
00000000
00000000
00000000
00000000
00000000
00000000
00000000
00000000
00000000
00000000
00000000
00000000
00000000
00000000
00000000
00000000
00000000
00000000
00000000
00000000
00000000
00000000
00000000
00000000
00000000
00000000
00000000
00000000
00000000
00000000
00000000
00000000
00000000
00000000
00000000
00000000
00000000
00000000
00000000
00000000
00000000
00000000
00000000
00000000
00000000
00000000
00000000
00000000
00000000
00000000
00000000
00000000
00000000
00000000
00000000
00000000
00000000
00000000
00000000
00000000
00000000
00000000
00000000
00000000
00000000
00000000
00000000
00000000
00000000
00000000
00000000
00000000
00000000
00000000
00000000
00000000
00000000
00000000
00000000
00000000
00000000
00000000
00000000
00000000
00000000
00000000
00000000
00000000
00000000
00000000
00000000
00000000
00000000
00000000
00000000
00000000
00000000
00000000
00000000
00000000
00000000
00000000
00000000
00000000
00000000
00000000
00000000
00000000
00000000
00000000
00000000
00000000
00000000
00000000
00000000
00000000
00000000
00000000
00000000
00000000
00000000
00000000
00000000
00000000
00000000
00000000
00000000
00000000
00000000
00000000
00000000
00000000
00000000
00000000
00000000
00000000
00000000
00000000
00000000
00000000
00000000
00000000
00000000
00000000
00000000
00000000
00000000
00000000
00000000
00000000
00000000
00000000
00000000
00000000
00000000
00000000
00000000
00000000
00000000
00000000
00000000
00000000
00000000
00000000
00000000
00000000
00000000
00000000
00000000
00000000
00000000
00000000
00000000
00000000
00000000
00000000
00000000
00000000
00000000
00000000
00000000
00000000
00000000
00000000
00000000
00000000
00000000
00000000
00000000
00000000
00000000
00000000
00000000
00000000
00000000
00000000
00000000
00000000
00000000
00000000
00000000
00000000
00000000
00000000
00000000
00000000
00000000
00000000
00000000
00000000
00000000
00000000
00000000
00000000
00000000
00000000
00000000
00000000
00000000
00000000
00000000
00000000
00000000
00000000
00000000
00000000
00000000
00000000
00000000
00000000
00000000
00000000
00000000
00000000
00000000
00000000
00000000
00000000
00000000
00000000
00000000
00000000
00000000
00000000
00000000
00000000
00000000
00000000
00000000
00000000
00000000
00000000
00000000
00000000
00000000
00000000
00000000
00000000
00000000
00000000
00000000
00000000
00000000
00000000
00000000
00000000
00000000
00000000
00000000
00000000
00000000
00000000
00000000
00000000
00000000
00000000
00000000
00000000
00000000
00000000
00000000
00000000
00000000
00000000
00000000
00000000
00000000
00000000
00000000
00000000
00000000
00000000
00000000
00000000
00000000
00000000
00000000
00000000
00000000
00000000
00000000
00000000
00000000
00000000
00000000
00000000
00000000
00000000
00000000
00000000
00000000
00000000
00000000
00000000
00000000
00000000
00000000
00000000
00000000
00000000
00000000
00000000
00000000
00000000
00000000
00000000
00000000
00000000
00000000
00000000
00000000
00000000
00000000
00000000
00000000
00000000
00000000
00000000
00000000
00000000
00000000
00000000
00000000
00000000
00000000
00000000
00000000
00000000
00000000
00000000
00000000
00000000
00000000
00000000
00000000
00000000
00000000
00000000
00000000
00000000
00000000
00000000
00000000
00000000
00000000
00000000
00000000
00000000
00000000
00000000
00000000
00000000
00000000
00000000
00000000
00000000
00000000
00000000
00000000
00000000
00000000
00000000
00000000
00000000
00000000
00000000
00000000
00000000
00000000
00000000
00000000
00000000
00000000
00000000
00000000
00000000
00000000
00000000
00000000
00000000
00000000
00000000
00000000
00000000
00000000
00000000
00000000
00000000
00000000
00000000
00000000
00000000
00000000
00000000
00000000
00000000
00000000
00000000
00000000
00000000
00000000
00000000
00000000
00000000
00000000
00000000
00000000
00000000
00000000
00000000
00000000
00000000
00000000
00000000
00000000
00000000
00000000
00000000
00000000
00000000
00000000
00000000
00000000
00000000
00000000
00000000
00000000
00000000
00000000
00000000
00000000
00000000
00000000
00000000
00000000
00000000
00000000
00000000
00000000
00000000
00000000
00000000
00000000
00000000
00000000
00000000
00000000
00000000
00000000
00000000
00000000
00000000
00000000
00000000
00000000
00000000
00000000
00000000
00000000
00000000
00000000
00000000
00000000
00000000
00000000
00000000
00000000
00000000
00000000
00000000
00000000
00000000
00000000
00000000
00000000
00000000
00000000
00000000
00000000
00000000
00000000
00000000
00000000
00000000
00000000
00000000
00000000
00000000
00000000
00000000
00000000
00000000
00000000
00000000
00000000
00000000
00000000
00000000
00000000
00000000
00000000
00000000
00000000
00000000
00000000
00000000
00000000
00000000
00000000
00000000
00000000
00000000
00000000
00000000
00000000
00000000
00000000
00000000
00000000
00000000
00000000
00000000
00000000
00000000
00000000
00000000
00000000
00000000
00000000
00000000
00000000
00000000
00000000
00000000
00000000
00000000
00000000
00000000
00000000
00000000
00000000
00000000
00000000
00000000
00000000
00000000
00000000
00000000
00000000
00000000
00000000
00000000
00000000
00000000
00000000
00000000
00000000
00000000
00000000
00000000
00000000
00000000
00000000
00000000
00000000
00000000
00000000
00000000
00000000
00000000
00000000
00000000
00000000
00000000
00000000
00000000
00000000
00000000
00000000
00000000
00000000
00000000
00000000
00000000
00000000
00000000
00000000
00000000
00000000
00000000
00000000
00000000
00000000
00000000
00000000
00000000
00000000
00000000
00000000
00000000
00000000
00000000
00000000
00000000
00000000
00000000
00000000
00000000
00000000
00000000
00000000
00000000
00000000
00000000
00000000
00000000
00000000
00000000
00000000
00000000
00000000
00000000
00000000
00000000
00000000
00000000
00000000
00000000
00000000
00000000
00000000
00000000
00000000
00000000
00000000
00000000
00000000
00000000
00000000
00000000
00000000
00000000
00000000
00000000
00000000
00000000
00000000
00000000
00000000
00000000
00000000
00000000
00000000
00000000
00000000
00000000
00000000
00000000
00000000
00000000
00000000
00000000
00000000
00000000
00000000
00000000
00000000
00000000
00000000
00000000
00000000
00000000
00000000
00000000
00000000
00000000
00000000
00000000
00000000
00000000
00000000
00000000
00000000
00000000
00000000
00000000
00000000
00000000
00000000
00000000
00000000
00000000
00000000
00000000
00000000
00000000
00000000
00000000
00000000
00000000
00000000
00000000
00000000
00000000
00000000
00000000
00000000
00000000
00000000
00000000
00000000
00000000
00000000
00000000
00000000
00000000
00000000
00000000
00000000
00000000
00000000
00000000
00000000
00000000
00000000
00000000
00000000
00000000
00000000
00000000
00000000
00000000
00000000
00000000
00000000
00000000
00000000
00000000
00000000
00000000
00000000
00000000
00000000
00000000
00000000
00000000
00000000
00000000
00000000
00000000
00000000
00000000
00000000
00000000
00000000
00000000
00000000
00000000
00000000
00000000
00000000
00000000
00000000
00000000
00000000
00000000
00000000
00000000
00000000
00000000
00000000
00000000
00000000
00000000
00000000
00000000
00000000
00000000
00000000
00000000
00000000
00000000
00000000
00000000
00000000
00000000
00000000
00000000
00000000
00000000
00000000
00000000
00000000
00000000
00000000
00000000
00000000
00000000
00000000
00000000
00000000
00000000
00000000
00000000
00000000
00000000
00000000
00000000
00000000
00000000
00000000
00000000
00000000
00000000
00000000
00000000
00000000
00000000
00000000
00000000
00000000
00000000
00000000
00000000
00000000
00000000
00000000
00000000
00000000
00000000
00000000
00000000
00000000
00000000
00000000
00000000
00000000
00000000
00000000
00000000
00000000
00000000
00000000
00000000
00000000
00000000
00000000
00000000
00000000
00000000
00000000
00000000
00000000
00000000
00000000
00000000
00000000
00000000
00000000
00000000
00000000
00000000
00000000
00000000
00000000
00000000
00000000
00000000
00000000
00000000
00000000
00000000
00000000
00000000
00000000
00000000
00000000
00000000
00000000
00000000
00000000
00000000
00000000
00000000
00000000
00000000
00000000
00000000
00000000
00000000
00000000
00000000
00000000
00000000
00000000
00000000
00000000
00000000
00000000
00000000
00000000
00000000
00000000
00000000
00000000
00000000
00000000
00000000
00000000
00000000
00000000
00000000
00000000
00000000
00000000
00000000
00000000
00000000
00000000
00000000
00000000
00000000
00000000
00000000
00000000
00000000
00000000
00000000
00000000
00000000
00000000
00000000
00000000
00000000
00000000
00000000
00000000
00000000
00000000
00000000
00000000
00000000
00000000
00000000
00000000
00000000
00000000
00000000
00000000
00000000
00000000
00000000
00000000
00000000
00000000
00000000
00000000
00000000
00000000
00000000
00000000
00000000
00000000
00000000
00000000
00000000
00000000
00000000
00000000
00000000
00000000
00000000
00000000
00000000
00000000
00000000
00000000
00000000
00000000
00000000
00000000
00000000
00000000
00000000
00000000
00000000
00000000
00000000
00000000
00000000
00000000
00000000
00000000
00000000
00000000
00000000
00000000
00000000
00000000
00000000
00000000
00000000
00000000
00000000
00000000
00000000
00000000
00000000
00000000
00000000
00000000
00000000
00000000
00000000
00000000
00000000
00000000
00000000
00000000
00000000
00000000
00000000
00000000
00000000
00000000
00000000
00000000
00000000
00000000
00000000
00000000
00000000
00000000
00000000
00000000
00000000
00000000
00000000
00000000
00000000
00000000
00000000
00000000
00000000
00000000
00000000
00000000
00000000
00000000
00000000
00000000
00000000
00000000
00000000
00000000
00000000
00000000
00000000
00000000
00000000
00000000
00000000
00000000
00000000
00000000
00000000
00000000
00000000
00000000
00000000
00000000
00000000
00000000
00000000
00000000
00000000
00000000
00000000
00000000
00000000
00000000
00000000
00000000
00000000
00000000
00000000
00000000
00000000
00000000
00000000
00000000
00000000
00000000
00000000
00000000
00000000
00000000
00000000
00000000
00000000
00000000
00000000
00000000
00000000
00000000
00000000
00000000
00000000
00000000
00000000
00000000
00000000
00000000
00000000
00000000
00000000
00000000
00000000
00000000
00000000
00000000
00000000
00000000
00000000
00000000
00000000
00000000
00000000
00000000
00000000
00000000
00000000
00000000
00000000
00000000
00000000
00000000
00000000
00000000
00000000
00000000
00000000
00000000
00000000
00000000
00000000
00000000
00000000
00000000
00000000
00000000
00000000
00000000
00000000
00000000
00000000
00000000
00000000
00000000
00000000
00000000
00000000
00000000
00000000
00000000
00000000
00000000
00000000
00000000
00000000
00000000
00000000
00000000
00000000
00000000
00000000
00000000
00000000
00000000
00000000
00000000
00000000
00000000
00000000
00000000
00000000
00000000
00000000
00000000
00000000
00000000
00000000
00000000
00000000
00000000
00000000
00000000
00000000
00000000
00000000
00000000
00000000
00000000
00000000
00000000
00000000
00000000
00000000
00000000
00000000
00000000
00000000
00000000
00000000
00000000
00000000
00000000
00000000
00000000
00000000
00000000
00000000
00000000
00000000
00000000
00000000
00000000
00000000
00000000
00000000
00000000
00000000
00000000
00000000
00000000
00000000
00000000
00000000
00000000
00000000
00000000
00000000
00000000
00000000
00000000
00000000
00000000
00000000
00000000
00000000
00000000
00000000
00000000
00000000
00000000
00000000
00000000
00000000
00000000
00000000
00000000
00000000
00000000
00000000
00000000
00000000
00000000
00000000
00000000
00000000
00000000
00000000
00000000
00000000
00000000
00000000
00000000
00000000
00000000
00000000
00000000
00000000
00000000
00000000
00000000
00000000
00000000
00000000
00000000
00000000
00000000
00000000
00000000
00000000
00000000
00000000
00000000
00000000
00000000
00000000
00000000
00000000
00000000
00000000
00000000
00000000
00000000
00000000
00000000
00000000
00000000
00000000
00000000
00000000
00000000
00000000
00000000
00000000
00000000
00000000
00000000
00000000
00000000
00000000
00000000
00000000
00000000
00000000
00000000
00000000
00000000
00000000
00000000
00000000
00000000
00000000
00000000
00000000
00000000
00000000
00000000
00000000
00000000
00000000
00000000
00000000
00000000
00000000
00000000
00000000
00000000
00000000
00000000
00000000
00000000
00000000
00000000
00000000
00000000
00000000
00000000
00000000
00000000
00000000
00000000
00000000
00000000
00000000
00000000
00000000
00000000
00000000
00000000
00000000
00000000
00000000
00000000
00000000
00000000
00000000
00000000
00000000
00000000
00000000
00000000
00000000
00000000
00000000
00000000
00000000
00000000
00000000
00000000
00000000
00000000
00000000
00000000
00000000
00000000
00000000
00000000
00000000
00000000
00000000
00000000
00000000
00000000
00000000
00000000
00000000
00000000
00000000
00000000
00000000
00000000
00000000
00000000
00000000
00000000
00000000
00000000
00000000
00000000
00000000
00000000
00000000
00000000
00000000
00000000
00000000
00000000
00000000
00000000
00000000
00000000
00000000
00000000
00000000
00000000
00000000
00000000
00000000
00000000
00000000
00000000
00000000
00000000
00000000
00000000
00000000
00000000
00000000
00000000
00000000
00000000
00000000
00000000
00000000
00000000
00000000
00000000
00000000
00000000
00000000
00000000
00000000
00000000
00000000
00000000
00000000
00000000
00000000
00000000
00000000
00000000
00000000
00000000
00000000
00000000
00000000
00000000
00000000
00000000
00000000
00000000
00000000
00000000
00000000
00000000
00000000
00000000
00000000
00000000
00000000
00000000
00000000
00000000
00000000
00000000
00000000
00000000
00000000
00000000
00000000
00000000
00000000
00000000
00000000
00000000
00000000
00000000
00000000
00000000
00000000
00000000
00000000
00000000
00000000
00000000
00000000
00000000
00000000
00000000
00000000
00000000
00000000
00000000
00000000
00000000
00000000
00000000
00000000
00000000
00000000
00000000
00000000
00000000
00000000
00000000
00000000
00000000
00000000
00000000
00000000
00000000
00000000
00000000
00000000
00000000
00000000
00000000
00000000
00000000
00000000
00000000
00000000
00000000
00000000
00000000
00000000
00000000
00000000
00000000
00000000
00000000
00000000
00000000
00000000
00000000
00000000
00000000
00000000
00000000
00000000
00000000
00000000
00000000
00000000
00000000
00000000
00000000
00000000
00000000
00000000
00000000
00000000
00000000
00000000
00000000
00000000
00000000
00000000
00000000
00000000
00000000
00000000
00000000
00000000
00000000
00000000
00000000
00000000
00000000
00000000
00000000
00000000
00000000
00000000
00000000
00000000
00000000
00000000
00000000
00000000
00000000
00000000
00000000
00000000
00000000
00000000
00000000
00000000
00000000
00000000
00000000
00000000
00000000
00000000
00000000
00000000
00000000
00000000
00000000
00000000
00000000
00000000
00000000
00000000
00000000
00000000
00000000
00000000
00000000
00000000
00000000
00000000
00000000
00000000
00000000
00000000
00000000
00000000
00000000
00000000
00000000
00000000
00000000
00000000
00000000
00000000
00000000
00000000
00000000
00000000
00000000
00000000
00000000
00000000
00000000
00000000
00000000
00000000
00000000
00000000
00000000
00000000
00000000
00000000
00000000
00000000
00000000
00000000
00000000
00000000
00000000
00000000
00000000
00000000
00000000
00000000
00000000
00000000
00000000
00000000
00000000
00000000
00000000
00000000
00000000
00000000
00000000
00000000
00000000
00000000
00000000
00000000
00000000
00000000
00000000
00000000
00000000
00000000
00000000
00000000
00000000
00000000
00000000
00000000
00000000
00000000
00000000
00000000
00000000
00000000
00000000
00000000
00000000
00000000
00000000
00000000
00000000
00000000
00000000
00000000
00000000
00000000
00000000
00000000
00000000
00000000
00000000
00000000
00000000
00000000
00000000
00000000
00000000
00000000
00000000
00000000
00000000
00000000
00000000
00000000
00000000
00000000
00000000
00000000
00000000
00000000
00000000
00000000
00000000
00000000
00000000
00000000
00000000
00000000
00000000
00000000
00000000
00000000
00000000
00000000
00000000
00000000
00000000
00000000
00000000
00000000
00000000
00000000
00000000
00000000
00000000
00000000
00000000
00000000
00000000
00000000
00000000
00000000
00000000
00000000
00000000
00000000
00000000
00000000
00000000
00000000
00000000
00000000
00000000
00000000
00000000
00000000
00000000
00000000
00000000
00000000
00000000
00000000
00000000
00000000
00000000
00000000
00000000
00000000
00000000
00000000
00000000
00000000
00000000
00000000
00000000
00000000
00000000
00000000
00000000
00000000
00000000
00000000
00000000
00000000
00000000
00000000
00000000
00000000
00000000
00000000
00000000
00000000
00000000
00000000
00000000
00000000
00000000
00000000
00000000
00000000
00000000
00000000
00000000
00000000
00000000
00000000
00000000
00000000
00000000
00000000
00000000
00000000
00000000
00000000
00000000
00000000
00000000
00000000
00000000
00000000
00000000
00000000
00000000
00000000
00000000
00000000
00000000
00000000
00000000
00000000
00000000
00000000
00000000
00000000
00000000
00000000
00000000
00000000
00000000
00000000
00000000
00000000
00000000
00000000
00000000
00000000
00000000
00000000
00000000
00000000
00000000
00000000
00000000
00000000
00000000
00000000
00000000
00000000
00000000
00000000
00000000
00000000
00000000
00000000
00000000
00000000
00000000
00000000
00000000
00000000
00000000
00000000
00000000
00000000
00000000
00000000
00000000
00000000
00000000
00000000
00000000
00000000
00000000
00000000
00000000
00000000
00000000
00000000
00000000
00000000
00000000
00000000
00000000
00000000
00000000
00000000
00000000
00000000
00000000
00000000
00000000
00000000
00000000
00000000
00000000
00000000
00000000
00000000
00000000
00000000
00000000
00000000
00000000
00000000
00000000
00000000
00000000
00000000
00000000
00000000
00000000
00000000
00000000
00000000
00000000
00000000
00000000
00000000
00000000
00000000
00000000
00000000
00000000
00000000
00000000
00000000
00000000
00000000
00000000
00000000
00000000
00000000
00000000
00000000
00000000
00000000
00000000
00000000
00000000
00000000
00000000
00000000
00000000
00000000
00000000
00000000
00000000
00000000
00000000
00000000
00000000
00000000
00000000
00000000
00000000
00000000
00000000
00000000
00000000
00000000
00000000
00000000
00000000
00000000
00000000
00000000
00000000
00000000
00000000
00000000
00000000
00000000
00000000
00000000
00000000
00000000
00000000
00000000
00000000
00000000
00000000
00000000
00000000
00000000
00000000
00000000
00000000
00000000
00000000
00000000
00000000
00000000
00000000
00000000
00000000
00000000
00000000
00000000
00000000
00000000
00000000
00000000
00000000
00000000
00000000
00000000
00000000
00000000
00000000
00000000
00000000
00000000
00000000
00000000
00000000
00000000
00000000
00000000
00000000
00000000
00000000
00000000
00000000
00000000
00000000
00000000
00000000
00000000
00000000
00000000
00000000
00000000
00000000
00000000
00000000
00000000
00000000
00000000
00000000
00000000
00000000
00000000
00000000
00000000
00000000
00000000
00000000
00000000
00000000
00000000
00000000
00000000
00000000
00000000
00000000
00000000
00000000
00000000
00000000
00000000
00000000
00000000
00000000
00000000
00000000
00000000
00000000
00000000
00000000
00000000
00000000
00000000
00000000
00000000
00000000
00000000
00000000
00000000
00000000
00000000
00000000
00000000
00000000
00000000
00000000
00000000
00000000
00000000
00000000
00000000
00000000
00000000
00000000
00000000
00000000
00000000
00000000
00000000
00000000
00000000
00000000
00000000
00000000
00000000
00000000
00000000
00000000
00000000
00000000
00000000
00000000
00000000
00000000
00000000
00000000
00000000
00000000
00000000
00000000
00000000
00000000
00000000
00000000
00000000
00000000
00000000
00000000
00000000
00000000
00000000
00000000
00000000
00000000
00000000
00000000
00000000
00000000
00000000
00000000
00000000
00000000
00000000
00000000
00000000
00000000
00000000
00000000
00000000
00000000
00000000
00000000
00000000
00000000
00000000
00000000
00000000
00000000
00000000
00000000
00000000
00000000
00000000
00000000
00000000
00000000
00000000
00000000
00000000
00000000
00000000
00000000
00000000
00000000
00000000
00000000
00000000
00000000
00000000
00000000
00000000
00000000
00000000
00000000
00000000
00000000
00000000
00000000
00000000
00000000
00000000
00000000
00000000
00000000
00000000
00000000
00000000
00000000
00000000
00000000
00000000
00000000
00000000
00000000
00000000
00000000
00000000
00000000
00000000
00000000
00000000
00000000
00000000
00000000
00000000
00000000
00000000
00000000
00000000
00000000
00000000
00000000
00000000
00000000
00000000
00000000
00000000
00000000
00000000
00000000
00000000
00000000
00000000
00000000
00000000
00000000
00000000
00000000
00000000
00000000
00000000
00000000
00000000
00000000
00000000
00000000
00000000
00000000
00000000
00000000
00000000
00000000
00000000
00000000
00000000
00000000
00000000
00000000
00000000
00000000
00000000
00000000
00000000
00000000
00000000
00000000
00000000
00000000
00000000
00000000
00000000
00000000
00000000
00000000
00000000
00000000
00000000
00000000
00000000
00000000
00000000
00000000
00000000
00000000
00000000
00000000
00000000
00000000
00000000
00000000
00000000
00000000
00000000
00000000
00000000
00000000
00000000
00000000
00000000
00000000
00000000
00000000
00000000
00000000
00000000
00000000
00000000
00000000
00000000
00000000
00000000
00000000
00000000
00000000
00000000
00000000
00000000
00000000
00000000
00000000
00000000
00000000
00000000
00000000
00000000
00000000
00000000
00000000
00000000
00000000
00000000
00000000
00000000
00000000
00000000
00000000
00000000
00000000
00000000
00000000
00000000
00000000
00000000
00000000
00000000
00000000
00000000
00000000
00000000
00000000
00000000
00000000
00000000
00000000
00000000
00000000
00000000
00000000
00000000
00000000
00000000
00000000
00000000
00000000
00000000
00000000
00000000
00000000
00000000
00000000
00000000
00000000
00000000
00000000
00000000
00000000
00000000
00000000
00000000
00000000
00000000
00000000
00000000
00000000
00000000
00000000
00000000
00000000
00000000
00000000
00000000
00000000
00000000
00000000
00000000
00000000
00000000
00000000
00000000
00000000
00000000
00000000
00000000
00000000
00000000
00000000
00000000
00000000
00000000
00000000
00000000
00000000
00000000
00000000
00000000
00000000
00000000
00000000
00000000
00000000
00000000
00000000
00000000
00000000
00000000
00000000
00000000
00000000
00000000
00000000
00000000
00000000
00000000
00000000
00000000
00000000
00000000
00000000
00000000
00000000
00000000
00000000
00000000
00000000
00000000
00000000
00000000
00000000
00000000
00000000
00000000
00000000
00000000
00000000
00000000
00000000
00000000
00000000
00000000
00000000
00000000
00000000
00000000
00000000
00000000
00000000
00000000
00000000
00000000
00000000
00000000
00000000
00000000
00000000
00000000
00000000
00000000
00000000
00000000
00000000
00000000
00000000
00000000
00000000
00000000
00000000
00000000
00000000
00000000
00000000
00000000
00000000
00000000
00000000
00000000
00000000
00000000
00000000
00000000
00000000
00000000
00000000
00000000
00000000
00000000
00000000
00000000
00000000
00000000
00000000
00000000
00000000
00000000
00000000
00000000
00000000
00000000
00000000
00000000
00000000
00000000
00000000
00000000
00000000
00000000
00000000
00000000
00000000
00000000
00000000
00000000
00000000
00000000
00000000
00000000
00000000
00000000
00000000
00000000
00000000
00000000
00000000
00000000
00000000
00000000
00000000
00000000
00000000
00000000
00000000
00000000
00000000
00000000
00000000
00000000
00000000
00000000
00000000
00000000
00000000
00000000
00000000
00000000
00000000
00000000
00000000
00000000
00000000
00000000
00000000
00000000
00000000
00000000
00000000
00000000
00000000
00000000
00000000
00000000
00000000
00000000
00000000
00000000
00000000
00000000
00000000
00000000
00000000
00000000
00000000
00000000
00000000
00000000
00000000
00000000
00000000
00000000
00000000
00000000
00000000
00000000
00000000
00000000
00000000
00000000
00000000
00000000
00000000
00000000
00000000
00000000
00000000
00000000
00000000
00000000
00000000
00000000
00000000
00000000
00000000
00000000
00000000
00000000
00000000
00000000
00000000
00000000
00000000
00000000
00000000
00000000
00000000
00000000
00000000
00000000
00000000
00000000
00000000
00000000
00000000
00000000
00000000
00000000
00000000
00000000
00000000
00000000
00000000
00000000
00000000
00000000
00000000
00000000
00000000
00000000
00000000
00000000
00000000
00000000
00000000
00000000
00000000
00000000
00000000
00000000
00000000
00000000
00000000
00000000
00000000
00000000
00000000
00000000
00000000
00000000
00000000
00000000
00000000
00000000
00000000
00000000
00000000
00000000
00000000
00000000
00000000
00000000
00000000
00000000
00000000
00000000
00000000
00000000
00000000
00000000
00000000
00000000
00000000
00000000
00000000
00000000
00000000
00000000
00000000
00000000
00000000
00000000
00000000
00000000
00000000
00000000
00000000
00000000
00000000
00000000
00000000
00000000
00000000
00000000
00000000
00000000
00000000
00000000
00000000
00000000
00000000
00000000
00000000
00000000
00000000
00000000
00000000
00000000
00000000
00000000
00000000
00000000
00000000
00000000
00000000
00000000
00000000
00000000
00000000
00000000
00000000
00000000
00000000
00000000
00000000
00000000
00000000
00000000
00000000
00000000
00000000
00000000
00000000
00000000
00000000
00000000
00000000
00000000
00000000
00000000
00000000
00000000
00000000
00000000
00000000
00000000
00000000
00000000
00000000
00000000
00000000
00000000
00000000
00000000
00000000
00000000
00000000
00000000
00000000
00000000
00000000
00000000
00000000
00000000
00000000
00000000
00000000
00000000
00000000
00000000
00000000
00000000
00000000
00000000
00000000
00000000
00000000
00000000
00000000
00000000
00000000
00000000
00000000
00000000
00000000
00000000
00000000
00000000
00000000
00000000
00000000
00000000
00000000
00000000
00000000
00000000
00000000
00000000
00000000
00000000
00000000
00000000
00000000
00000000
00000000
00000000
00000000
00000000
00000000
00000000
00000000
00000000
00000000
00000000
00000000
00000000
00000000
00000000
00000000
00000000
00000000
00000000
00000000
00000000
00000000
00000000
00000000
00000000
00000000
00000000
00000000
00000000
00000000
00000000
00000000
00000000
00000000
00000000
00000000
00000000
00000000
00000000
00000000
00000000
00000000
00000000
00000000
00000000
00000000
00000000
00000000
00000000
00000000
00000000
00000000
00000000
00000000
00000000
00000000
00000000
00000000
00000000
00000000
00000000
00000000
00000000
00000000
00000000
00000000
00000000
00000000
00000000
00000000
00000000
00000000
00000000
00000000
00000000
00000000
00000000
00000000
00000000
00000000
00000000
00000000
00000000
00000000
00000000
00000000
00000000
00000000
00000000
00000000
00000000
00000000
00000000
00000000
00000000
00000000
00000000
00000000
00000000
00000000
00000000
00000000
00000000
00000000
00000000
00000000
00000000
00000000
00000000
00000000
00000000
00000000
00000000
00000000
00000000
00000000
00000000
00000000
00000000
00000000
00000000
00000000
00000000
00000000
00000000
00000000
00000000
00000000
00000000
00000000
00000000
00000000
00000000
00000000
00000000
00000000
00000000
00000000
00000000
00000000
00000000
00000000
00000000
00000000
00000000
00000000
00000000
00000000
00000000
00000000
00000000
00000000
00000000
00000000
00000000
00000000
00000000
00000000
00000000
00000000
00000000
00000000
00000000
00000000
00000000
00000000
00000000
00000000
00000000
00000000
00000000
00000000
00000000
00000000
00000000
00000000
00000000
00000000
00000000
00000000
00000000
00000000
00000000
00000000
00000000
00000000
00000000
00000000
00000000
00000000
00000000
00000000
00000000
00000000
00000000
00000000
00000000
00000000
00000000
00000000
00000000
00000000
00000000
00000000
00000000
00000000
00000000
00000000
00000000
00000000
00000000
00000000
00000000
00000000
00000000
00000000
00000000
00000000
00000000
00000000
00000000
00000000
00000000
00000000
00000000
00000000
00000000
00000000
00000000
00000000
00000000
00000000
00000000
00000000
00000000
00000000
00000000
00000000
00000000
00000000
00000000
00000000
00000000
00000000
00000000
00000000
00000000
00000000
00000000
00000000
00000000
00000000
00000000
00000000
00000000
00000000
00000000
00000000
00000000
00000000
00000000
00000000
00000000
00000000
00000000
00000000
00000000
00000000
00000000
00000000
00000000
00000000
00000000
00000000
00000000
00000000
00000000
00000000
00000000
00000000
00000000
00000000
00000000
00000000
00000000
00000000
00000000
00000000
00000000
00000000
00000000
00000000
00000000
00000000
00000000
00000000
00000000
00000000
00000000
00000000
00000000
00000000
00000000
00000000
00000000
00000000
00000000
00000000
00000000
00000000
00000000
00000000
00000000
00000000
00000000
00000000
00000000
00000000
00000000
00000000
00000000
00000000
00000000
00000000
00000000
00000000
00000000
00000000
00000000
00000000
00000000
00000000
00000000
00000000
00000000
00000000
00000000
00000000
00000000
00000000
00000000
00000000
00000000
00000000
00000000
00000000
00000000
00000000
00000000
00000000
00000000
00000000
00000000
00000000
00000000
00000000
00000000
00000000
00000000
00000000
00000000
00000000
00000000
00000000
00000000
00000000
00000000
00000000
00000000
00000000
00000000
00000000
00000000
00000000
00000000
00000000
00000000
00000000
00000000
00000000
00000000
00000000
00000000
00000000
00000000
00000000
00000000
00000000
00000000
00000000
00000000
00000000
00000000
00000000
00000000
00000000
00000000
00000000
00000000
00000000
00000000
00000000
00000000
00000000
00000000
00000000
00000000
00000000
00000000
00000000
00000000
00000000
00000000
00000000
00000000
00000000
00000000
00000000
00000000
00000000
00000000
00000000
00000000
00000000
00000000
00000000
00000000
00000000
00000000
00000000
00000000
00000000
00000000
00000000
00000000
00000000
00000000
00000000
00000000
00000000
00000000
00000000
00000000
00000000
00000000
00000000
00000000
00000000
00000000
00000000
00000000
00000000
00000000
00000000
00000000
00000000
00000000
00000000
00000000
00000000
00000000
00000000
00000000
00000000
00000000
00000000
00000000
00000000
00000000
00000000
00000000
00000000
00000000
00000000
00000000
00000000
00000000
00000000
00000000
00000000
00000000
00000000
00000000
00000000
00000000
00000000
00000000
00000000
00000000
00000000
00000000
00000000
00000000
00000000
00000000
00000000
00000000
00000000
00000000
00000000
00000000
00000000
00000000
00000000
00000000
00000000
00000000
00000000
00000000
00000000
00000000
00000000
00000000
00000000
00000000
00000000
00000000
00000000
00000000
00000000
00000000
00000000
00000000
00000000
00000000
00000000
00000000
00000000
00000000
00000000
00000000
00000000
00000000
00000000
00000000
00000000
00000000
00000000
00000000
00000000
00000000
00000000
00000000
00000000
00000000
00000000
00000000
00000000
00000000
00000000
00000000
00000000
00000000
00000000
00000000
00000000
00000000
00000000
00000000
00000000
00000000
00000000
00000000
00000000
00000000
00000000
00000000
00000000
00000000
00000000
00000000
00000000
00000000
00000000
00000000
00000000
00000000
00000000
00000000
00000000
00000000
00000000
00000000
00000000
00000000
00000000
00000000
00000000
00000000
00000000
00000000
00000000
00000000
00000000
00000000
00000000
00000000
00000000
00000000
00000000
00000000
00000000
00000000
00000000
00000000
00000000
00000000
00000000
00000000
00000000
00000000
00000000
00000000
00000000
00000000
00000000
00000000
00000000
00000000
00000000
00000000
00000000
00000000
00000000
00000000
00000000
00000000
00000000
00000000
00000000
00000000
00000000
00000000
00000000
00000000
00000000
00000000
00000000
00000000
00000000
00000000
00000000
00000000
00000000
00000000
00000000
00000000
00000000
00000000
00000000
00000000
00000000
00000000
00000000
00000000
00000000
00000000
00000000
00000000
00000000
00000000
00000000
00000000
00000000
00000000
00000000
00000000
00000000
00000000
00000000
00000000
00000000
00000000
00000000
00000000
00000000
00000000
00000000
00000000
00000000
00000000
00000000
00000000
00000000
00000000
00000000
00000000
00000000
00000000
00000000
00000000
00000000
00000000
00000000
00000000
00000000
00000000
00000000
00000000
00000000
00000000
00000000
00000000
00000000
00000000
00000000
00000000
00000000
00000000
00000000
00000000
00000000
00000000
00000000
00000000
00000000
00000000
00000000
00000000
00000000
00000000
00000000
00000000
00000000
00000000
00000000
00000000
00000000
00000000
00000000
00000000
00000000
00000000
00000000
00000000
00000000
00000000
00000000
00000000
00000000
00000000
00000000
00000000
00000000
00000000
00000000
00000000
00000000
00000000
00000000
00000000
00000000
00000000
00000000
00000000
00000000
00000000
00000000
00000000
00000000
00000000
00000000
00000000
00000000
00000000
00000000
00000000
00000000
00000000
00000000
00000000
00000000
00000000
00000000
00000000
00000000
00000000
00000000
00000000
00000000
00000000
00000000
00000000
00000000
00000000
00000000
00000000
00000000
00000000
00000000
00000000
00000000
00000000
00000000
00000000
00000000
00000000
00000000
00000000
00000000
00000000
00000000
00000000
00000000
00000000
00000000
00000000
00000000
00000000
00000000
00000000
00000000
00000000
00000000
00000000
00000000
00000000
00000000
00000000
00000000
00000000
00000000
00000000
00000000
00000000
00000000
00000000
00000000
00000000
00000000
00000000
00000000
00000000
00000000
00000000
00000000
00000000
00000000
00000000
00000000
00000000
00000000
00000000
00000000
00000000
00000000
00000000
00000000
00000000
00000000
00000000
00000000
00000000
00000000
00000000
00000000
00000000
00000000
00000000
00000000
00000000
00000000
00000000
00000000
00000000
00000000
00000000
00000000
00000000
00000000
00000000
00000000
00000000
00000000
00000000
00000000
00000000
00000000
00000000
00000000
00000000
00000000
00000000
00000000
00000000
00000000
00000000
00000000
00000000
00000000
00000000
00000000
00000000
00000000
00000000
00000000
00000000
00000000
00000000
00000000
00000000
00000000
00000000
00000000
00000000
00000000
00000000
00000000
00000000
00000000
00000000
00000000
00000000
00000000
00000000
00000000
00000000
00000000
00000000
00000000
00000000
00000000
00000000
00000000
00000000
00000000
00000000
00000000
00000000
00000000
00000000
00000000
00000000
00000000
00000000
00000000
00000000
00000000
00000000
00000000
00000000
00000000
00000000
00000000
00000000
00000000
00000000
00000000
00000000
00000000
00000000
00000000
00000000
00000000
00000000
00000000
00000000
00000000
00000000
00000000
00000000
00000000
00000000
00000000
00000000
00000000
00000000
00000000
00000000
00000000
00000000
00000000
00000000
00000000
00000000
00000000
00000000
00000000
00000000
00000000
00000000
00000000
00000000
00000000
00000000
00000000
00000000
00000000
00000000
00000000
00000000
00000000
00000000
00000000
00000000
00000000
00000000
00000000
00000000
00000000
00000000
00000000
00000000
00000000
00000000
00000000
00000000
00000000
00000000
00000000
00000000
00000000
00000000
00000000
00000000
00000000
00000000
00000000
00000000
00000000
00000000
00000000
00000000
00000000
00000000
00000000
00000000
00000000
00000000
00000000
00000000
00000000
00000000
00000000
00000000
00000000
00000000
00000000
00000000
00000000
00000000
00000000
00000000
00000000
00000000
00000000
00000000
00000000
00000000
00000000
00000000
00000000
00000000
00000000
00000000
00000000
00000000
00000000
00000000
00000000
00000000
00000000
00000000
00000000
00000000
00000000
00000000
00000000
00000000
00000000
00000000
00000000
00000000
00000000
00000000
00000000
00000000
00000000
00000000
00000000
00000000
00000000
00000000
00000000
00000000
00000000
00000000
00000000
00000000
00000000
00000000
00000000
00000000
00000000
00000000
00000000
00000000
00000000
00000000
00000000
00000000
00000000
00000000
00000000
00000000
00000000
00000000
00000000
00000000
00000000
00000000
00000000
00000000
00000000
00000000
00000000
00000000
00000000
00000000
00000000
00000000
00000000
00000000
00000000
00000000
00000000
00000000
00000000
00000000
00000000
00000000
00000000
00000000
00000000
00000000
00000000
00000000
00000000
00000000
00000000
00000000
00000000
00000000
00000000
00000000
00000000
00000000
00000000
00000000
00000000
00000000
00000000
00000000
00000000
00000000
00000000
00000000
00000000
00000000
00000000
00000000
00000000
00000000
00000000
00000000
00000000
00000000
00000000
00000000
00000000
00000000
00000000
00000000
00000000
00000000
00000000
00000000
00000000
00000000
00000000
00000000
00000000
00000000
00000000
00000000
00000000
00000000
00000000
00000000
00000000
00000000
00000000
00000000
00000000
00000000
00000000
00000000
00000000
00000000
00000000
00000000
00000000
00000000
00000000
00000000
00000000
00000000
00000000
00000000
00000000
00000000
00000000
00000000
00000000
00000000
00000000
00000000
00000000
00000000
00000000
00000000
00000000
00000000
00000000
00000000
00000000
00000000
00000000
00000000
00000000
00000000
00000000
00000000
00000000
00000000
00000000
00000000
00000000
00000000
00000000
00000000
00000000
00000000
00000000
00000000
00000000
00000000
00000000
00000000
00000000
00000000
00000000
00000000
00000000
00000000
00000000
00000000
00000000
00000000
00000000
00000000
00000000
00000000
00000000
00000000
00000000
00000000
00000000
00000000
00000000
00000000
00000000
00000000
00000000
00000000
00000000
00000000
00000000
00000000
00000000
00000000
00000000
00000000
00000000
00000000
00000000
00000000
00000000
00000000
00000000
00000000
00000000
00000000
00000000
00000000
00000000
00000000
00000000
00000000
00000000
00000000
00000000
00000000
00000000
00000000
00000000
00000000
00000000
00000000
00000000
00000000
00000000
00000000
00000000
00000000
00000000
00000000
00000000
00000000
00000000
00000000
00000000
00000000
00000000
00000000
00000000
00000000
00000000
00000000
00000000
00000000
00000000
00000000
00000000
00000000
00000000
00000000
00000000
00000000
00000000
00000000
00000000
00000000
00000000
00000000
00000000
00000000
00000000
00000000
00000000
00000000
00000000
00000000
00000000
00000000
00000000
00000000
00000000
00000000
00000000
00000000
00000000
00000000
00000000
00000000
00000000
00000000
00000000
00000000
00000000
00000000
00000000
00000000
00000000
00000000
00000000
00000000
00000000
00000000
00000000
00000000
00000000
00000000
00000000
00000000
00000000
00000000
00000000
00000000
00000000
00000000
00000000
00000000
00000000
00000000
00000000
00000000
00000000
00000000
00000000
00000000
00000000
00000000
00000000
00000000
00000000
00000000
00000000
00000000
00000000
00000000
00000000
00000000
00000000
00000000
00000000
00000000
00000000
00000000
00000000
00000000
00000000
00000000
00000000
00000000
00000000
00000000
00000000
00000000
00000000
00000000
00000000
00000000
00000000
00000000
00000000
00000000
00000000
00000000
00000000
00000000
00000000
00000000
00000000
00000000
00000000
00000000
00000000
00000000
00000000
00000000
00000000
00000000
00000000
00000000
00000000
00000000
00000000
00000000
00000000
00000000
00000000
00000000
00000000
00000000
00000000
00000000
00000000
00000000
00000000
00000000
00000000
00000000
00000000
00000000
00000000
00000000
00000000
00000000
00000000
00000000
00000000
00000000
00000000
00000000
00000000
00000000
00000000
00000000
00000000
00000000
00000000
00000000
00000000
00000000
00000000
00000000
00000000
00000000
00000000
00000000
00000000
00000000
00000000
00000000
00000000
00000000
00000000
00000000
00000000
00000000
00000000
00000000
00000000
00000000
00000000
00000000
00000000
00000000
00000000
00000000
00000000
00000000
00000000
00000000
00000000
00000000
00000000
00000000
00000000
00000000
00000000
00000000
00000000
00000000
00000000
00000000
00000000
00000000
00000000
00000000
00000000
00000000
00000000
00000000
00000000
00000000
00000000
00000000
00000000
00000000
00000000
00000000
00000000
00000000
00000000
00000000
00000000
00000000
00000000
00000000
00000000
00000000
00000000
00000000
00000000
00000000
00000000
00000000
00000000
00000000
00000000
00000000
00000000
00000000
00000000
00000000
00000000
00000000
00000000
00000000
00000000
00000000
00000000
00000000
00000000
00000000
00000000
00000000
00000000
00000000
00000000
00000000
00000000
00000000
00000000
00000000
00000000
00000000
00000000
00000000
00000000
00000000
00000000
00000000
00000000
00000000
00000000
00000000
00000000
00000000
00000000
00000000
00000000
00000000
00000000
00000000
00000000
00000000
00000000
00000000
00000000
00000000
00000000
00000000
00000000
00000000
00000000
00000000
00000000
00000000
00000000
00000000
00000000
00000000
00000000
00000000
00000000
00000000
00000000
00000000
00000000
00000000
00000000
00000000
00000000
00000000
00000000
00000000
00000000
00000000
00000000
00000000
00000000
00000000
00000000
00000000
00000000
00000000
00000000
00000000
00000000
00000000
00000000
00000000
00000000
00000000
00000000
00000000
00000000
00000000
00000000
00000000
00000000
00000000
00000000
00000000
00000000
00000000
00000000
00000000
00000000
00000000
00000000
00000000
00000000
00000000
00000000
00000000
00000000
00000000
00000000
00000000
00000000
00000000
00000000
00000000
00000000
00000000
00000000
00000000
00000000
00000000
00000000
00000000
00000000
00000000
00000000
00000000
00000000
00000000
00000000
00000000
00000000
00000000
00000000
00000000
00000000
00000000
00000000
00000000
00000000
00000000
00000000
00000000
00000000
00000000
00000000
00000000
00000000
00000000
00000000
00000000
00000000
00000000
00000000
00000000
00000000
00000000
00000000
00000000
00000000
00000000
00000000
00000000
00000000
00000000
00000000
00000000
00000000
00000000
00000000
00000000
00000000
00000000
00000000
00000000
00000000
00000000
00000000
00000000
00000000
00000000
00000000
00000000
00000000
00000000
00000000
00000000
00000000
00000000
00000000
00000000
00000000
00000000
00000000
00000000
00000000
00000000
00000000
00000000
00000000
00000000
00000000
00000000
00000000
00000000
00000000
00000000
00000000
00000000
00000000
00000000
00000000
00000000
00000000
00000000
00000000
00000000
00000000
00000000
00000000
00000000
00000000
00000000
00000000
00000000
00000000
00000000
00000000
00000000
00000000
00000000
00000000
00000000
00000000
00000000
00000000
00000000
00000000
00000000
00000000
00000000
00000000
00000000
00000000
00000000
00000000
00000000
00000000
00000000
00000000
00000000
00000000
00000000
00000000
00000000
00000000
00000000
00000000
00000000
00000000
00000000
00000000
00000000
00000000
00000000
00000000
00000000
00000000
00000000
00000000
00000000
00000000
00000000
00000000
00000000
00000000
00000000
00000000
00000000
00000000
00000000
00000000
00000000
00000000
00000000
00000000
00000000
00000000
00000000
00000000
00000000
00000000
00000000
00000000
00000000
00000000
00000000
00000000
00000000
00000000
00000000
00000000
00000000
00000000
00000000
00000000
00000000
00000000
00000000
00000000
00000000
00000000
00000000
00000000
00000000
00000000
00000000
00000000
00000000
00000000
00000000
00000000
00000000
00000000
00000000
00000000
00000000
00000000
00000000
00000000
00000000
00000000
00000000
00000000
00000000
00000000
00000000
00000000
00000000
00000000
00000000
00000000
00000000
00000000
00000000
00000000
00000000
00000000
00000000
00000000
00000000
00000000
00000000
00000000
00000000
00000000
00000000
00000000
00000000
00000000
00000000
00000000
00000000
00000000
00000000
00000000
00000000
00000000
00000000
00000000
00000000
00000000
00000000
00000000
00000000
00000000
00000000
00000000
00000000
00000000
00000000
00000000
00000000
00000000
00000000
00000000
00000000
00000000
00000000
00000000
00000000
00000000
00000000
00000000
00000000
00000000
00000000
00000000
00000000
00000000
00000000
00000000
00000000
00000000
00000000
00000000
00000000
00000000
00000000
00000000
00000000
00000000
00000000
00000000
00000000
00000000
00000000
00000000
00000000
00000000
00000000
00000000
00000000
00000000
00000000
00000000
00000000
00000000
00000000
00000000
00000000
00000000
00000000
00000000
00000000
00000000
00000000
00000000
00000000
00000000
00000000
00000000
00000000
00000000
00000000
00000000
00000000
00000000
00000000
00000000
00000000
00000000
00000000
00000000
00000000
00000000
00000000
00000000
00000000
00000000
00000000
00000000
00000000
00000000
00000000
00000000
00000000
00000000
00000000
00000000
00000000
00000000
00000000
00000000
00000000
00000000
00000000
00000000
00000000
00000000
00000000
00000000
00000000
00000000
00000000
00000000
00000000
00000000
00000000
00000000
00000000
00000000
00000000
00000000
00000000
00000000
00000000
00000000
00000000
00000000
00000000
00000000
00000000
00000000
00000000
00000000
00000000
00000000
00000000
00000000
00000000
00000000
00000000
00000000
00000000
00000000
00000000
00000000
00000000
00000000
00000000
00000000
00000000
00000000
00000000
00000000
00000000
00000000
00000000
00000000
00000000
00000000
00000000
00000000
00000000
00000000
00000000
00000000
00000000
00000000
00000000
00000000
00000000
00000000
00000000
00000000
00000000
00000000
00000000
00000000
00000000
00000000
00000000
00000000
00000000
00000000
00000000
00000000
00000000
00000000
00000000
00000000
00000000
00000000
00000000
00000000
00000000
00000000
00000000
00000000
00000000
00000000
00000000
00000000
00000000
00000000
00000000
00000000
00000000
00000000
00000000
00000000
00000000
00000000
00000000
00000000
00000000
00000000
00000000
00000000
00000000
00000000
00000000
00000000
00000000
00000000
00000000
00000000
00000000
00000000
00000000
00000000
00000000
00000000
00000000
00000000
00000000
00000000
00000000
00000000
00000000
00000000
00000000
00000000
00000000
00000000
00000000
00000000
00000000
00000000
00000000
00000000
00000000
00000000
00000000
00000000
00000000
00000000
00000000
00000000
00000000
00000000
00000000
00000000
00000000
00000000
00000000
00000000
00000000
00000000
00000000
00000000
00000000
00000000
00000000
00000000
00000000
00000000
00000000
00000000
00000000
00000000
00000000
00000000
00000000
00000000
00000000
80020001
f0000000
000354a4
50dbfffe
dbffdbff
dbffdbff
dbffdbff
dbffd833
80020001
c600dbff
50e75850
d8428013
88252124
212021e1
20e42120
e42120e4
80020001
2120e421
20e42120
e4222120
e122e1fe
882a2124
212021e1
20e42120
80020001
e42120e4
2120e421
20e42120
e4222120
e122e1fe
882a2124
212021e1
80020001
20e42120
e42120e4
2120e421
20e42120
e4222120
e122e1fe
883a2124
80020001
212021e1
20e42120
e42120e4
2120e421
20e42120
e4222120
e122e1fe
80020001
882a2124
212021e1
20e42120
e42120e4
2120e421
20e42120
e4222120
80020001
e122e1fe
882a2124
212021e1
20e42120
e42120e4
2120e421
20e42120
80020001
e4222120
e122e1fe
883a2133
31202120
21303120
e5303120
e5303120
80020001
e5303120
e52120e4
2120e422
2120e122
e1882a21
33312021
20213031
80020001
20e53031
20e53031
20e52120
e42120e4
2120e422
2120e122
e1882a21
80020001
33312021
20213031
20e53031
20e53031
20e52120
e42120e4
2120e422
80020001
2120e122
e1883a30
31203331
20303120
e1213031
203020fe
c480c440
80020001
e3c48060
c480c440
c480e1fe
c440c480
c440e3fe
c48060fe
c480e1fe
80020001
c440c480
c440c480
e1c440e3
c48060fe
c480e1fe
c440c480
e1c440fe
80020001
c480e1fe
c440e360
c440e560
c480c440
e1c480fe
c440e360
e1c44060
80020001
c440e260
e1c44060
e1c44060
d821c480
60e6c480
60c440fe
c48060fe
80020001
c480e1fe
c44060e2
c48060fe
c480e1fe
c440c480
e160c480
e1c440e1
80020001
60c440fe
c48060fe
c480c440
c480e1fe
c440c480
e1c440e3
c48060fe
80020001
c480e1fe
c440c480
e1c440fe
c480c440
e3c480e1
60c480fe
c440c480
80020001
c440c480
e1c440e3
c48060fe
c440e1fe
c480c440
e360c440
e1c480fe
80020001
c440e360
c440e1fe
c480c440
e360e1fe
c44060fe
c440e260
e1c44060
80020001
e1c44060
d822c480
60e1c480
60e4c440
c480e160
c480c440
60e2c480
80020001
e160c480
c440c480
e160c480
e1c440e1
60c440fe
c48060fe
c480e1fe
80020001
c440c480
c440c480
e1c440e3
c48060fe
c480e1fe
c440c480
c440c480
80020001
e1c440e3
c48060fe
c480e1fe
c440c480
e1c440fe
c480c440
e3c48060
80020001
c440e5fe
c48060fe
c440e5fe
c48060fe
c440e5fe
c48060e1
c44060fe
80020001
c440e260
e1c44060
e1c44060
d814c420
60eac600
60d812fe
c60060e3
80020001
c48060ee
c600da4c
50e85850
d8718013
88252124
212021e1
20e42120
80020001
e42120e4
2120e421
20e42120
e4222120
e122e1fe
882a2124
212021e1
80020001
20e42120
e42120e4
2120e421
20e42120
e4222120
e122e1fe
882a2124
80020001
212021e1
20e42120
e42120e4
2120e421
20e42120
e4222120
e122e1fe
80020001
883a2124
212021e1
20e42120
e42120e4
2120e421
20e42120
e4222120
80020001
e122e1fe
882a2124
212021e1
20e42120
e42120e4
2120e421
20e42120
80020001
e4222120
e122e1fe
882a2124
212021e1
20e42120
e42120e4
2120e421
80020001
20e42120
e4222120
e122e1fe
883a2124
212021e1
20e42120
e42120e4
80020001
2120e421
20e42120
e4222120
e122e1fe
882a2124
212021e1
20e42120
80020001
e42120e4
2120e421
20e42120
e4222120
e122e1fe
882a2124
212021e1
80020001
20e42120
e42120e4
2120e421
20e42120
e4222120
e122e1fe
883a2124
80020001
212021e1
20e42120
e42120e4
2120e421
20e42120
e4222120
e122e1fe
80020001
882a2124
212021e1
20e42120
e42120e4
2120e421
20e42120
e4222120
80020001
e122e1fe
882a2124
212021e1
20e42120
e42120e4
2120e421
20e42120
80020001
e4222120
e122e1fe
84155bfe
9413e150
dbffdbff
d86bc600
d81950fe
80020001
dbffdbff
dbffd96a
c600e750
dbffdbff
dbffd8aa
c600e750
dbffdbff
80020001
d9cac600
dbd550fe
c600e660
e7c60060
d81101fe
88252124
212021e1
80020001
20e42120
e42120e4
2120e421
20e42120
e4222120
e122e1fe
882a2124
80020001
212021e1
20e42120
e42120e4
2120e421
20e42120
e4222120
e122e1fe
80020001
882a2124
212021e1
20e42120
e42120e4
2120e421
20e42120
e4222120
80020001
e122e1fe
883a2124
212021e1
20e42120
e42120e4
2120e421
20e42120
80020001
e4222120
e122e1fe
882a2124
212021e1
20e42120
e42120e4
2120e421
80020001
20e42120
e4222120
e122e1fe
882a2124
212021e1
20e42120
e42120e4
80020001
2120e421
20e42120
e4222120
e122e1fe
883a2133
31202120
21303120
80020001
e5303120
e5303120
e5303120
e52120e4
2120e422
2120e122
e1882a21
80020001
33312021
20213031
20e53031
20e53031
20e52120
e42120e4
2120e422
80020001
2120e122
e1981360
e62f2133
31202120
21303120
e5303120
e5303120
80020001
e52120e4
2120e421
20e42221
20e122e1
883a3031
20333120
303120e1
80020001
21303120
30203020
e3303120
30203020
e3303120
30203020
e3303120
80020001
30203020
e32120e4
2120e422
2120e122
e1882a30
31203331
20303120
80020001
e1213031
20302030
20e33031
20302030
20e33031
20302030
20e32120
80020001
e42120e4
2120e422
2120e122
e1882a30
31203331
20303120
e1213031
80020001
20302030
20e33031
20302030
20e33031
20302030
20e32120
e42120e4
80020001
2120e422
2120e122
e184155b
9413e150
db86c600
dbd550fe
c600e660
80020001
e7c60060
d81101fe
88252124
212021e1
20e42120
e42120e4
2120e421
80020001
20e42120
e4222120
e122e1fe
882a2124
212021e1
20e42120
e42120e4
80020001
2120e421
20e42120
e4222120
e122e1fe
882a2124
212021e1
20e42120
80020001
e42120e4
2120e421
20e42120
e4222120
e122e1fe
883a2124
212021e1
80020001
20e42120
e42120e4
2120e421
20e42120
e4222120
e122e1fe
882a2124
80020001
212021e1
20e42120
e42120e4
2120e421
20e42120
e4222120
e122e1fe
80020001
882a2124
212021e1
20e42120
e42120e4
2120e421
20e42120
e4222120
80020001
e122e1fe
883a2124
212021e1
20e42120
e42120e4
2120e421
20e42120
80020001
e4222120
e122e1fe
882a2124
2120c441
60c440e5
2120e421
20e42120
80020001
e42120e4
2120e422
2120e122
e1882a21
24212021
e120e421
20e42120
80020001
e42120e4
2120e421
20e42221
20e122e1
883a2124
212021e1
20e42120
80020001
e42120e4
2120e421
20e42120
e4222120
e122e1fe
882a2124
212021e1
80020001
20e42120
e42120e4
2120e421
20e42120
e4222120
e122e1fe
882a2124
80020001
212021e1
20e42120
e42120e4
2120e421
20e42120
e4222120
e122e1fe
80020001
84155bfe
9413e150
db0cc600
dbd550fe
c600e660
e7c60060
d812c410
80020001
60e5881f
21242120
21e120e4
2120e421
20e42120
e42120e4
2120e422
80020001
2120e122
e1882a21
24212021
e120e421
20e42120
e42120e4
2120e421
80020001
20e42221
20e122e1
882a2124
212021e1
20e42120
e42120e4
2120e421
80020001
20e42120
e4222120
e122e1fe
883a2124
212021e1
20e42120
e42120e4
80020001
2120e421
20e42120
e4222120
e122e1fe
882a2124
212021e1
20e42120
80020001
e42120e4
213020e4
213020e4
2120e422
2120e122
e1882a21
24212021
80020001
e120e421
20e42120
e4302120
e4302120
e42120e4
222120e1
22e1883a
80020001
21333120
21202130
3120e530
3120e530
3120e530
3120e521
20e42120
80020001
e4222120
e122e1fe
882a2133
31202120
21303120
e5303120
e5303120
80020001
e53120e1
3020e321
203020e3
2120e422
2120e122
e1882a21
33312021
80020001
20213031
20e53031
20e53031
20e52120
e4212030
20e32120
e4222120
80020001
e122e1fe
883a3031
20333120
303120e1
21303120
30203020
e3303120
80020001
30203020
e3303120
30203020
e3303120
30203020
e32120e4
2120e422
80020001
2120e122
e1981f60
e3c48060
e5c440fe
c480e160
c480e1fe
c44060e2
80020001
c48060fe
c480e1fe
c440c480
60c480e1
c440e160
c440c480
60c480e1
80020001
c440c480
e1c440fe
c480c440
e3c480e1
60c480fe
c440c480
e1c440fe
80020001
c480c440
e3c480e1
60c480fe
c440c480
e1c440fe
c480e1fe
c440e360
80020001
c440e560
c440e5fe
c48060fe
c440e5fe
c48060e1
c44060fe
c440e260
80020001
e1c44060
e1c44060
d823c480
60c48060
e4c440fe
c480e160
c480c440
80020001
60e2c480
e160c480
c440c480
e160c480
c440e160
c440c480
e160c480
80020001
c440c480
e1c440fe
c480e1fe
c440e3fe
c48060fe
c480e1fe
c440c480
80020001
c440c480
e1c440e3
c48060fe
c480e1fe
c440c480
e1c440fe
c480c440
80020001
e360c480
c440e1fe
c480c440
e360c440
e560c480
c440e1fe
c480c440
80020001
e360e1fe
c44060fe
c440e260
e1c44060
e1c44060
d814c420
60eac600
80020001
60d812fe
c60060fe
d812c600
da8d50e7
588013fe
88252124
212021e1
80020001
20e42120
e42120e4
2120e421
20e42120
e4222120
e122e1fe
882a2124
80020001
212021e1
20e42120
e42120e4
2120e421
20e42120
e4222120
e122e1fe
80020001
982160e7
c44060fe
c44060e3
c44060fe
c440e160
c44060fe
c440e560
80020001
c440e320
e12120e4
2120e421
20e42120
e4222120
e122e1fe
883a2124
80020001
212021e1
20e42120
e42120e4
2120e421
20e42120
e4c44260
c440e260
80020001
e1c44022
882a2124
212021e1
20e42120
e42120e4
2120e421
20e42120
80020001
e4222120
e122e1fe
882a2124
30212021
e13020e4
213020e4
213020e4
80020001
213020e4
213020e4
213020e4
222120e1
22e1883a
31202431
20e121e1
80020001
203020e3
21203020
e3212030
20e32120
3020e321
203020e3
21203020
80020001
e3222120
e122e1fe
882a2124
30212021
e13020e4
213020e4
213020e4
80020001
213020e4
213020e4
213020e4
222120e1
22e1882a
21242120
21e120e4
80020001
2120e431
20e53120
e53120e5
3120e531
21e120e1
22e1883a
21243021
80020001
2021e130
20e42130
20e42130
20e42130
20e42130
20e42130
20e42221
80020001
20e122e1
882a3021
24302120
21e13020
e4213020
e4213020
e4213020
80020001
e4213020
e42120e4
222120e1
22e1882a
21242120
21e120e4
2120e421
80020001
20e42120
e42120e4
2120e422
2120e122
e184155b
9413e177
70c88070
80020001
d811ca00
70d810fe
c81070fe
d821c880
70e2c880
70da1ffe
c82070e3
80020001
ca00da44
ce00d946
c600da8e
50c600e6
60e7c600
60d81101
88252124
80020001
212021e1
20e42120
e42120e4
2120e421
20e42120
e4222120
e122e1fe
80020001
882a2124
212021e1
20e42120
e42120e4
2120e421
20e42120
e4222120
80020001
e122e16c
60e68816
21242120
21e120e4
2120e421
20e42120
e42120e4
80020001
2120e422
2120e122
e1883a21
24212021
e120e421
20e42120
e42120e4
80020001
3120e130
20e32120
e4222120
e122e1fe
882a2124
212021e1
20e42120
80020001
e42120e4
2120e421
20e42120
e4222120
e122e1fe
882a2124
212021e1
80020001
20e42120
e42120e4
213020e4
213020e4
2120e422
2120e122
e1883a21
80020001
33312021
20213031
20e53031
20e53031
20e53031
20e53120
e13020e3
80020001
2120e422
2120e122
e1882a21
33312021
20213031
20e53031
20e53031
80020001
20e52120
e4212030
20e32120
e4222120
e122e1fe
882a2133
31202120
80020001
21303120
e5303120
e5303120
e5302120
e4302120
e42120e4
222120e1
80020001
22e1883a
30312033
31203031
20e12130
31203020
3020e330
31203020
80020001
3020e330
31203020
3020e330
31203020
3020e321
20e42120
e42260fe
80020001
c440e260
e1c44060
e1c44060
d823c480
60e5c440
c480e160
c480e1fe
80020001
c44060e2
c48060fe
c480e1fe
c440c480
60c480e1
c440e160
c440c480
80020001
e160c480
c440c480
e1c440fe
c480e1fe
c440e3fe
c48060fe
c480e1fe
80020001
c440c480
c440c480
c440e3fe
c48060fe
c480c440
c480e1fe
c440c480
80020001
c440e360
c440e5fe
c48060fe
c440e5fe
c48060fe
c440e5fe
c48060e1
80020001
c44060fe
c440e260
e1c44060
e1c44060
d821c480
60e2c480
60e4c440
80020001
c480e160
c480c440
60e2c480
e160c480
c440c480
e160c480
c440e160
80020001
c440c480
e160c480
c440c480
e1c440fe
c480e1fe
c440e3fe
c48060fe
80020001
c480e1fe
c440c480
c440c480
e1c440e3
c48060fe
c480e1fe
c440c480
80020001
e1c440fe
c480e1fe
c440e360
c440e560
c480c440
e1c480fe
c440e360
80020001
c440e560
c48060fe
c44060fe
c440e260
e1c44060
e1c44060
d814c420
80020001
60eac600
60d812fe
c60060fe
d812c600
da6550e7
588013fe
88252124
80020001
212021e1
20e42120
e42120e4
2120e421
20e42120
e4222120
e122e1fe
80020001
882a2124
212021e1
20e42120
e42120e4
2120e421
20e42120
e4222120
80020001
e122e1fe
882a2124
212021e1
20e42120
e42120e4
2120e421
20e42120
80020001
e4222120
e122e1fe
883a2124
212021e1
20e42120
e42120e4
2120e421
80020001
20e42120
e4222120
e122e1fe
882a2124
212021e1
20e42120
e42120e4
80020001
2120e421
20e42120
e4222120
e122e1fe
882a2124
212021e1
20e42120
80020001
e42120e4
2120e421
20e42120
e4222120
e122e1fe
883a2124
212021e1
80020001
20e42120
e42120e4
2120e421
20e42120
e4222120
e122e1fe
882a2124
80020001
212021e1
20e42120
e42120e4
2120e421
20e42120
e4222120
e122e1fe
80020001
882a2124
212021e1
20e42120
e42120e4
2120e421
20e42120
e4222120
80020001
e122e1fe
883a2124
212021e1
20e42120
e42120e4
2120e421
20e42120
80020001
e4222120
e122e1fe
882a2124
212021e1
20e42120
e42120e4
2120e421
80020001
20e42120
e4222120
e122e1fe
882a2124
212021e1
20e42120
e42120e4
80020001
2120e421
20e42120
e4222120
e122e1fe
84155bfe
9413e150
dbffda6a
80020001
c600d821
50d835fe
c600e750
dbffdbff
d8bec600
dbd550e7
588013fe
80020001
88252124
212021e1
20e42120
e42120e4
2120e421
20e42120
e4222120
80020001
e122e1fe
882a2124
212021e1
20e42120
e42120e4
2120e421
20e42120
80020001
e4222120
e122e1fe
882a2124
212021e1
20e42120
e42120e4
2120e421
80020001
20e42120
e4222120
e122e1fe
883a2124
212021e1
20e42120
e42120e4
80020001
2120e421
20e42120
e4222120
e122e1fe
882a2124
212021e1
20e42120
80020001
e42120e4
2120e421
20e42120
e4222120
e122e1fe
882a2124
212021e1
80020001
20e42120
e42120e4
2120e421
20e42120
e4222120
e122e1fe
883a2133
80020001
31202120
21303120
e5303120
e5303120
e5303120
e52120e4
2120e422
80020001
2120e122
e1882a21
33312021
20213031
20e53031
20e53031
20e52120
80020001
e42120e4
2120e422
2120e122
e1882a21
33312021
20213031
20e53031
80020001
20e53031
20e52120
e42120e4
2120e422
2120e122
e1883a30
31203331
80020001
20303120
e1213031
20302030
20e33031
20302030
20e33031
20302030
80020001
20e33031
20302030
20e32120
e42120e4
222120e1
22e1882a
30312033
80020001
31203031
20e12130
31203020
3020e330
31203020
3020e330
31203020
80020001
3020e321
20e42120
e42120e4
222120e1
22e1882a
30312033
31203031
80020001
20e12130
31203020
3020e330
31203020
3020e330
31203020
3020e321
80020001
20e42120
e42120e4
222120e1
22e18415
5b9413e1
50dbfffe
dbffdbff
80020001
dbffd923
c600d829
50dbfffe
dbffd8b0
c600dbd5
50e758fe
80138825
80020001
21242120
21e120e4
2120e421
20e42120
e42120e4
2120e422
2120e122
80020001
e1882a21
24212021
e120e421
20e42120
e42120e4
2120e421
20e42221
80020001
20e122e1
882a2124
212021e1
20e42120
e42120e4
2120e421
20e42120
80020001
e4222120
e122e1fe
883a2124
212021e1
20e42120
e42120e4
2120e421
80020001
20e42120
e4222120
e122e1fe
882a2124
212021e1
20e42120
e42120e4
80020001
2120e421
20e42120
e4222120
e122e1fe
882a2124
212021e1
20e42120
80020001
e42120e4
2120e421
20e42120
e4222120
e122e1fe
883a2124
212021e1
80020001
20e42120
e42120e4
2120e421
20e42120
e4222120
e122e1fe
882a2124
80020001
212021e1
20e42120
e42120e4
2120e421
20e42120
e4222120
e122e1fe
80020001
882a2124
212021e1
20e42120
e42120e4
2120e421
20e42120
e4222120
80020001
e122e1fe
883a2124
212021e1
20e42120
e42120e4
2120e421
20e42120
80020001
e4222120
e122e1fe
882a2124
212021e1
20e42120
e42120e4
2120e421
80020001
20e42120
e4222120
e122e1fe
882a2124
212021e1
20e42120
e42120e4
80020001
2120e421
20e42120
e4222120
e122e1fe
84155bfe
9413e150
dbffdbff
80020001
dbffdbff
d945c600
d82950fe
dbffdbff
d95cc600
dbd550e7
588013fe
80020001
88252124
212021e1
20e42120
e42120e4
2120e421
20e42120
e4222120
80020001
e122e1fe
882a2124
212021e1
20e42120
e42120e4
2120e421
20e42120
80020001
e4222120
e122e1fe
882a2124
212021e1
20e42120
e42120e4
2120e421
80020001
20e42120
e4222120
e122e1fe
883a2124
212021e1
20e42120
e42120e4
80020001
2120e421
20e42120
e4222120
e122e1fe
882a2124
212021e1
20e42120
80020001
e42120e4
2120e421
20e42120
e4222120
e122e1fe
882a2124
212021e1
80020001
20e42120
e42120e4
2120e421
20e42120
e4222120
e122e1fe
883a2133
80020001
31202120
21303120
e5303120
e5303120
e5303120
e52120e4
2120e422
80020001
2120e122
e1882a21
33312021
20213031
20e53031
20e53031
20e52120
80020001
e42120e4
2120e422
2120e122
e1882a21
33312021
20213031
20e53031
80020001
20e53031
20e52120
e42120e4
2120e422
2120e122
e1883a30
31203331
80020001
20303120
e1213031
20302030
20e33031
20302030
20e33031
20302030
80020001
20e33031
20302030
20e32120
e42120e4
222120e1
22e1882a
30312033
80020001
31203031
20e12130
31203020
3020e330
31203020
3020e330
31203020
80020001
3020e321
20e42120
e42120e4
222120e1
22e1882a
30312033
31203031
80020001
20e12130
31203020
3020e330
31203020
3020e330
31203020
3020e321
80020001
20e42120
e42120e4
222120e1
22e18415
5b9413e1
50dbfffe
dbffdbff
80020001
db91c600
d82950fe
dbffdbff
dbffd96e
c600dbd5
50e758fe
80138825
80020001
21242120
21e120e4
2120e421
20e42120
e42120e4
2120e422
2120e122
80020001
e1882a21
24212021
e120e421
20e42120
e42120e4
2120e421
20e42221
80020001
20e122e1
882a2124
212021e1
20e42120
e42120e4
2120e421
20e42120
80020001
e4222120
e122e1fe
883a2124
212021e1
20e42120
e42120e4
2120e421
80020001
20e42120
e4222120
e122e1fe
882a2124
212021e1
20e42120
e42120e4
80020001
2120e421
20e42120
e4222120
e122e1fe
882a2124
212021e1
20e42120
80020001
e42120e4
2120e421
20e42120
e4222120
e122e1fe
883a2124
212021e1
80020001
20e42120
e42120e4
2120e421
20e42120
e4222120
e122e1fe
882a2124
80020001
212021e1
20e42120
e42120e4
2120e421
20e42120
e4222120
e122e1fe
80020001
882a2124
212021e1
20e42120
e42120e4
2120e421
20e42120
e4222120
80020001
e122e1fe
982e60ea
c44060fe
c44060e3
c44060fe
c440e160
c44060fe
80020001
c440e560
c44020e4
2120e421
20e42120
e42120e4
222120e1
22e1882a
80020001
21242120
21e120e4
2120e421
20e42120
e42120e4
2120e422
2120e122
80020001
e1882a21
24212021
e120e421
20e42120
e42120e4
2120e421
20e42221
80020001
20e122e1
84155bfe
9413e177
70d812fe
ca0070fe
d810c810
70e6c880
80020001
70e2c880
70e2c880
70e2c880
70e2c880
70eec880
70d876fe
cc00e770
80020001
d9a3c820
70e3ca00
db8850fe
d9b1c600
dbd550e7
588013fe
88252124
80020001
212021e1
20e42120
e42120e4
2120e421
20e42120
e4222120
e122e1fe
80020001
882a2124
212021e1
20e42120
e42120e4
2120e421
20e42120
e4222120
80020001
e122e1fe
882a2124
212021e1
20e42120
e42120e4
2120e421
20e42120
80020001
e4222120
e122e1fe
883a2124
212021e1
20e42120
e42120e4
2120e421
80020001
20e42120
e4222120
e122e1fe
882a2124
212021e1
20e42120
e42120e4
80020001
2120e421
20e42120
e4222120
e122e1fe
882a2124
212021e1
20e42120
80020001
e42120e4
2120e421
20e42120
e4222120
e122e1fe
883a2133
31202120
80020001
21303120
e5303120
e5303120
e5303120
e52120e4
2120e422
2120e122
80020001
e1882a21
33312021
20213031
20e53031
20e53031
20e52120
e42120e4
80020001
2120e422
2120e122
e1882a21
33312021
20213031
20e53031
20e53031
80020001
20e52120
e42120e4
2120e422
2120e122
e1883a30
31203331
20303120
80020001
e1213031
20302030
20e33031
20302030
20e33031
20302030
20e33031
80020001
20302030
20e32120
e42120e4
222120e1
22e1882a
30312033
31203031
80020001
20e12130
31203020
3020e330
31203020
3020e330
31203020
3020e321
80020001
20e42120
e42120e4
222120e1
22e1882a
30312033
31203031
20e12130
80020001
31203020
3020e330
31203020
3020e330
31203020
3020e321
20e42120
80020001
e42120e4
222120e1
22e18415
5b9413e1
50d8aefe
c600d821
50d8cefe
80020001
c600e750
dbffdbe0
c600dbd5
50e758fe
80138825
21242120
21e120e4
80020001
2120e421
20e42120
e42120e4
2120e422
2120e122
e1882a21
24212021
80020001
e120e421
20e42120
e42120e4
2120e421
20e42221
20e122e1
882a2124
80020001
212021e1
20e42120
e42120e4
2120e421
20e42120
e4222120
e122e1fe
80020001
883a2124
212021e1
20e42120
e42120e4
2120e421
20e42120
e4222120
80020001
e122e1fe
882a2124
212021e1
20e42120
e42120e4
2120e421
20e42120
80020001
e4222120
e122e1fe
882a2124
212021e1
20e42120
e42120e4
2120e421
80020001
20e42120
e4222120
e122e1fe
981160fe
d8202721
24212021
e120e421
80020001
20e42120
e42120e4
2120e421
20e42221
20e122e1
882a2124
212021e1
80020001
20e42120
e42120e4
2120e421
20e42120
e4222120
e122e1fe
882a2124
80020001
212021e1
20e42120
e42120e4
2120e421
20e42120
e4222120
e122e1fe
80020001
883a2124
212021e1
20e42120
e42120e4
2120e421
20e42120
e4222120
80020001
e122e1fe
882a2124
212021e1
20e42120
e42120e4
2120e421
20e42120
80020001
e4222120
e122e1fe
882a2124
212021e1
20e42120
e42120e4
2120e421
80020001
20e42120
e4222120
e122e1fe
84155bfe
9413e150
d8d8c600
e750dbff
80020001
d967c600
dbd550e7
588013fe
88252124
212021e1
20e42120
e42120e4
80020001
2120e421
20e42120
e4222120
e122e1fe
882a2124
212021e1
20e42120
80020001
e42120e4
2120e421
20e42120
e4222120
e122e1fe
882a2124
212021e1
80020001
20e42120
e42120e4
2120e421
20e42120
e4222120
e122e1fe
883a2124
80020001
212021e1
20e42120
e42120e4
2120e421
20e42120
e4222120
e122e1fe
80020001
882a2124
212021e1
20e42120
e42120e4
2120e421
20e42120
e4222120
80020001
e122e1fe
882a2124
212021e1
20e42120
e42120e4
2120e421
20e42120
80020001
e4222120
e122e1fe
883a2133
31202120
21303120
e5303120
e5303120
80020001
e5303120
e52120e4
2120e422
2120e122
e1882a21
33312021
20213031
80020001
20e53031
20e53031
20e52120
e42120e4
2120e422
2120e122
e1882a21
80020001
33312021
20213031
20e53031
20e53031
20e52120
e42120e4
2120e422
80020001
2120e122
e1883a30
31203331
20303120
e1213031
20302030
20e33031
80020001
20302030
20e33031
20302030
20e33031
20302030
20e32120
e42120e4
80020001
222120e1
22e1882a
30312033
31203031
20e12130
31203020
3020e330
80020001
31203020
3020e330
31203020
3020e321
20e42120
e42120e4
222120e1
80020001
22e1882a
30312033
31203031
20e12130
31203020
3020e330
31203020
80020001
3020e330
31203020
3020e321
20e42120
e42120e4
222120e1
22e18415
80020001
5b9413e1
50d88afe
c600d821
50db35fe
c600e750
dbffd978
c600dbd5
80020001
50c600e6
60e7c600
60d81101
88252124
212021e1
20e42120
e42120e4
80020001
2120e421
20e42120
e4222120
e122e1fe
882a2124
212021e1
20e42120
80020001
e42120e4
2120e421
20e42120
e4222120
e122e1fe
882a2124
212021e1
80020001
20e42120
e42120e4
2120e421
20e42120
e4222120
e122e1fe
883a2124
80020001
212021e1
20e42120
e42120e4
2120e421
20e42120
e4222120
e122e1fe
80020001
882a2124
212021e1
20e42120
e42120e4
2120e421
20e42120
e4222120
80020001
e122e1fe
882a2124
212021e1
20e42120
e42120e4
2120e421
20e42120
80020001
e4222120
e122e1fe
883a2124
212021e1
20e42120
e4212030
20e32120
80020001
3020e321
203020e3
21203020
e3222120
e122e1fe
882a2124
30212021
80020001
e13020e4
213020e4
213020e4
213020e4
213020e4
213020e4
222120e1
80020001
22e1882a
21242120
21302120
e4302120
e4302120
e4302120
e4302120
80020001
e4302120
e4302221
20e122e1
883a2124
212021e1
20e42130
20e42130
80020001
20e42130
20e42130
20e42130
20e42221
20e122e1
882ac441
60e3c440
80020001
60c44020
21302120
e4302120
e4302120
e4302120
e4302120
e4302120
80020001
e4302221
20e122e1
882a2124
212021e1
20e42120
e42120e4
2120e421
80020001
20e42120
e4222120
e122e1fe
84155bfe
9413e150
d8d2c600
dbd550fe
80020001
c600e660
e7c60060
d81101fe
88252124
212021e1
20e42120
e42120e4
80020001
2120e421
20e42120
e4222120
e122e1fe
882a2124
212021e1
20e42120
80020001
e42120e4
2120e421
20e42120
e4222120
e122e1fe
882a2124
212021e1
80020001
20e42120
e42120e4
2120e421
20e42120
e4222120
e122e1fe
883a2124
80020001
212021e1
20e42120
e42120e4
2120e421
20e42120
e4222120
e122e1fe
80020001
882a2124
212021e1
20e42120
e42120e4
2120e421
20e42120
e4222120
80020001
e122e1fe
882a2124
212021e1
20e42120
e42120e4
2120e421
20e42120
80020001
e4222120
e122e1fe
883a2133
31202120
21303120
e5303120
e5303120
80020001
e5303120
e5212030
20e32120
e4222120
e122e1fe
882a2133
31202120
80020001
21303120
e5303120
e5303120
e52120e4
2120e421
20e42221
20e122e1
80020001
882a2133
31202120
21303120
e5303120
e5303120
e52120e4
21203020
80020001
e32120e4
222120e1
22e1883a
30312033
31203031
20e12130
31203020
80020001
3020e330
31203020
3020e330
31203020
3020e330
31203020
3020e321
80020001
20e42120
e4222120
e122e1fe
882a3031
20333120
303120e1
21303120
80020001
30203020
e3303120
30203020
e3303120
30203020
e32120e4
2120e421
80020001
20e4c442
60c440e2
60e1c440
22882a30
31203331
20303120
e1213031
80020001
20302030
20e33031
20302030
20e33031
20302030
20e32130
20e42120
80020001
e42120e4
222120e1
22e18415
5b9413e1
50ebc600
dbd550fe
c600e660
80020001
e7c60060
d81101fe
88252124
212021e1
20e42120
e42120e4
2120e421
80020001
20e42120
e4222120
e122e1fe
882a2124
212021e1
20e42120
e42120e4
80020001
2120e421
20e42120
e4222120
e122e1fe
882a2124
212021e1
20e42120
80020001
e42120e4
2120e421
20e42120
e4222120
e122e1fe
883a2124
212021e1
80020001
20e42120
e42120e4
2120e421
20e42120
e4222120
e122e1fe
882a2124
80020001
212021e1
20e42120
e42120e4
2120e421
20e42120
e4222120
e122e1fe
80020001
882a2124
212021e1
20e42120
e42120e4
2120e421
20e42120
e4222120
80020001
e122e1fe
883a2124
212021e1
20e42120
e42120e4
2120e421
20e42120
80020001
e4222120
e122e1fe
882a2124
212021e1
20e42120
e42120e4
2120e421
80020001
20e42120
e4222120
e122e1fe
882a2124
212021e1
20e42120
e42120e4
80020001
2120e421
20e43021
20e43022
2120e122
e1883a21
24212021
e120e431
80020001
20e53120
e53120e5
3120e531
20e53121
e120e122
e1882a21
24212021
80020001
e120e430
2120e430
2120e430
2120e430
2120e430
2120e430
222120e1
80020001
22e1882a
21243120
e121e120
3020e321
203020e3
21203020
e3212030
80020001
20e32120
3020e321
203020e3
222120e1
22e18415
5b941367
60e65478
80020001
70d811fe
ca0070fe
d810c810
70e3c880
70e2c880
70eec880
70e2c880
80020001
70e2c880
70d84cfe
cc00d818
cc80cc00
e2cc80fe
cc00eefe
cc80cc00
80020001
e2cc80fe
cc00e2fe
cc80cc00
eecc80fe
cc00e2fe
cc80cc00
e2cc80fe
80020001
cc00eefe
cc80cc00
e2cc80fe
cc00e2fe
cc80cc00
eecc80fe
cc00e2fe
80020001
cc80cc00
e2cc80fe
cc00eefe
cc80cc00
e2cc80fe
cc00e2fe
cc80cc00
80020001
eecc80fe
cc00e2fe
cc80cc00
e2cc80fe
cc00eefe
cc80cc00
e2cc80fe
80020001
cc00e2fe
cc80cc00
eecc80fe
cc00e2fe
cc80cc00
e2cc80fe
cc00eefe
80020001
cc80cc00
e2cc80fe
cc00e2fe
cc80cc00
eecc80fe
cc00e2fe
cc80cc00
80020001
e2cc80fe
cc00eefe
cc80cc00
e2cc80fe
cc00e2fe
cc80cc00
eecc80fe
80020001
cc00e2fe
cc80cc00
e2cc80fe
cc00eefe
cc80cc00
e2cc80fe
cc00e2fe
80020001
cc80cc00
eecc80fe
cc00e2fe
cc80cc00
e2cc80fe
cc00eefe
cc80cc00
80020001
e2cc80fe
cc00e2fe
cc80cc00
eecc80fe
cc00e2fe
cc80cc00
e2cc80fe
80020001
cc00eefe
cc80cc00
e2cc80fe
cc00e2fe
cc80cc00
eecc80fe
cc00e2fe
80020001
cc80cc00
e2cc80fe
cc00eefe
cc80cc00
e2cc80fe
cc00e2fe
cc80cc00
80020001
eecc80fe
cc00e2fe
cc80cc00
e2cc80fe
cc00eefe
cc80cc00
e2cc80fe
80020001
cc00e2fe
cc80cc00
e6cc20fe
cc00e3fe
ce00d9b3
ca00ce00
e7cc00e7
80020001
ce00cc00
d81070e1
c81070e2
c88070eb
c88070fe
c88070e2
c88070fe
80020001
d811c840
70c84070
e3c84070
c840e170
c84070fe
c840e570
c840e570
80020001
c840e570
c840e570
c840e570
c840e570
e1c84070
c840e270
e1c84070
80020001
e1c84070
e2c88070
c88070e2
c88070ea
c88070e2
c88070fe
d814c840
80020001
70c84070
e3c84070
c840e170
c84070fe
c840e570
c840e570
c840e570
80020001
c840e570
c840e570
c840e570
e1c84070
c840e270
e1c84070
e1c84070
80020001
e1c88070
d827c840
70c84070
e3c84070
c840e170
c84070fe
c840e570
80020001
c840e570
c840e570
c840e570
c840e570
c840e570
e1c84070
c840e270
80020001
e1c84070
e1c84070
d8208819
21242120
21e120e4
2120e421
20e42120
80020001
e42120e4
2120e422
2120e122
e1882a21
24212021
e120e421
20e42120
80020001
e42120e4
2120e421
20e42221
20e122e1
882a2124
212021e1
20e42120
80020001
e42120e4
2120e421
20e42120
e4222120
e122e1fe
883a2133
31202120
80020001
21303120
e5303120
e5303120
e5303120
e5212030
20e32120
e4222120
80020001
e122e1fe
882a2133
31202120
21303120
e5303120
e5303120
e52120e4
80020001
2120e421
20e42221
20e122e1
882a2133
31202120
21303120
e5303120
80020001
e5303120
e5212030
20e32120
3020e321
20e42221
20e122e1
883a3031
80020001
20333120
303120e1
21303120
30203020
e3303120
30203020
e3303120
80020001
30203020
e3303120
30203020
e32120e4
2120e422
2120e122
e1882a30
80020001
31203331
20303120
e1213031
20302030
20e33031
20302030
20e33031
80020001
20302030
20e32120
e42120e4
2120e422
2120e122
e16f60e6
88133031
80020001
20333120
303120e1
21303120
30203020
e3303120
30203020
e3303120
80020001
30203020
e3213020
e4213020
e42120e4
222120fe
c44060e1
c44060e1
80020001
c44060fe
d814c420
60eac600
60d812fe
c60060fe
d812c600
db8550e7
80020001
588013fe
88252124
212021e1
20e42120
e42120e4
2120e421
20e42120
80020001
e4222120
e122e1fe
882a2124
212021e1
20e42120
e42120e4
2120e421
80020001
20e42120
e4222120
e122e1fe
882a2124
212021e1
20e42120
e42120e4
80020001
2120e421
20e42120
e4222120
e122e1fe
883a2124
212021e1
20e42120
80020001
e42120e4
2120e421
20e42120
e4222120
e122e1fe
882a2124
212021e1
80020001
20e42120
e42120e4
2120e421
20e42120
e4222120
e122e1fe
882a2124
80020001
212021e1
20e42120
e42120e4
2120e421
20e42120
e4222120
e122e1fe
80020001
883a2124
212021e1
20e42120
e42120e4
2120e421
20e42120
e4222120
80020001
e122e1fe
882a2124
212021e1
20e42120
e42120e4
2120e421
20e42120
80020001
e4222120
e122e1fe
882a2124
212021e1
20e42120
e42120e4
2120e421
80020001
20e42120
e4222120
e122e1fe
883a2124
212021e1
20e42120
e42120e4
80020001
2120e421
20e42120
e4222120
e122e1fe
882a2124
212021e1
20e42120
80020001
e42120e4
2120e421
20e42120
e4222120
e122e1fe
882a2124
212021e1
80020001
20e42120
e42120e4
2120e421
20e42120
e4222120
e122e1fe
84155bfe
80020001
9413e150
dbffdbff
dbffdbff
dbffd96e
c600d821
50dbfffe
dbffd84c
80020001
c600e750
d863c600
dbd550e7
588013fe
88252124
212021e1
20e42120
80020001
e42120e4
2120e421
20e42120
e4222120
e122e1fe
882a2124
212021e1
80020001
20e42120
e42120e4
2120e421
20e42120
e4222120
e122e1fe
882a2124
80020001
212021e1
20e42120
e42120e4
2120e421
20e42120
e4222120
e122e1fe
80020001
883a2124
212021e1
20e42120
e42120e4
2120e421
20e42120
e4222120
80020001
e122e1fe
882a2124
212021e1
20e42120
e42120e4
2120e421
20e42120
80020001
e4222120
e122e1fe
882a2124
212021e1
20e42120
e42120e4
2120e421
80020001
20e42120
e4222120
e122e1fe
883a2133
31202120
21303120
e5303120
80020001
e5303120
e5303120
e52120e4
2120e422
2120e122
e1882a21
33312021
80020001
20213031
20e53031
20e53031
20e52120
e42120e4
2120e422
2120e122
80020001
e1882a21
33312021
20213031
20e53031
20e53031
20e52120
e42120e4
80020001
2120e422
2120e122
e1883a30
31203331
20303120
e1213031
20302030
80020001
20e33031
20302030
20e33031
20302030
20e33031
20302030
20e32120
80020001
e42120e4
222120e1
22e1882a
30312033
31203031
20e12130
31203020
80020001
3020e330
31203020
3020e330
31203020
3020e321
20e42120
e42120e4
80020001
222120e1
22e1882a
30312033
31203031
20e12130
31203020
3020e330
80020001
31203020
3020e330
31203020
3020e321
20e42120
e42120e4
222120e1
80020001
22e18415
5b9413e1
50dbfffe
dbffdbff
dbffd823
c600d821
50d961fe
80020001
c600e750
dbffd97c
c600dbd5
50e758fe
80138825
21242120
21e120e4
80020001
2120e421
20e42120
e42120e4
2120e422
2120e122
e1882a21
24212021
80020001
e120e421
20e42120
e42120e4
2120e421
20e42221
20e122e1
882a2124
80020001
212021e1
20e42120
e42120e4
2120e421
20e42120
e4222120
e122e1fe
80020001
883a2124
212021e1
20e42120
e42120e4
2120e421
20e42120
e4222120
80020001
e122e1fe
882a2124
212021e1
20e42120
e42120e4
2120e421
20e42120
80020001
e4222120
e122e1fe
882a2124
212021e1
20e42120
e42120e4
2120e421
80020001
20e42120
e4222120
e122e1fe
883a2124
212021e1
20e42120
e42120e4
80020001
2120e421
20e42120
e4222120
e122e1fe
882a2124
212021e1
20e42120
80020001
e42120e4
2120e421
20e42120
e4222120
e122e1fe
882a2124
212021e1
80020001
20e42120
e42120e4
2120e421
20e42120
e4222120
e122e1fe
883a2124
80020001
212021e1
20e42120
e42120e4
2120e421
20e42120
e4222120
e122e1fe
80020001
882a2124
212021e1
20e42120
e42120e4
2120e421
20e42120
e4222120
80020001
e122e1fe
882a2124
212021e1
20e42120
e42120e4
2120e421
20e42120
80020001
e4222120
e122e1fe
84155bfe
9413e150
dbffdbff
dbffdbff
dbffdbff
80020001
d927c600
d82150fe
d91ec600
e750d9a8
c600dbd5
50e758fe
80138825
80020001
21242120
21e120e4
2120e421
20e42120
e42120e4
2120e422
2120e122
80020001
e1882a21
24212021
e120e421
20e42120
e42120e4
2120e421
20e42221
80020001
20e122e1
882a2124
212021e1
20e42120
e42120e4
2120e421
20e42120
80020001
e4222120
e122e1fe
883a2124
212021e1
20e42120
e42120e4
2120e421
80020001
20e42120
e4222120
e122e1fe
882a2124
212021e1
20e42120
e42120e4
80020001
2120e421
20e42120
e4222120
e122e1fe
882a2124
212021e1
20e42120
80020001
e42120e4
2120e421
20e42120
e4222120
e122e1fe
883a2133
31202120
80020001
21303120
e5303120
e5303120
e5303120
e52120e4
2120e422
2120e122
80020001
e1882a21
33312021
20213031
20e53031
20e53031
20e52120
e42120e4
80020001
2120e422
2120e122
e1882a21
33312021
20213031
20e53031
20e53031
80020001
20e52120
e42120e4
2120e422
2120e122
e1883a30
31203331
20303120
80020001
e1213031
20302030
20e33031
20302030
20e33031
20302030
20e33031
80020001
20302030
20e32120
e42120e4
222120e1
22e1882a
30312033
31203031
80020001
20e12130
31203020
3020e330
31203020
3020e330
31203020
3020e321
80020001
20e42120
e42120e4
222120e1
22e1882a
30312033
31203031
20e12130
80020001
31203020
3020e330
31203020
3020e330
31203020
3020e321
20e42120
80020001
e42120e4
222120e1
22e18415
5b9413e1
50dbfffe
db5dc600
d82150fe
80020001
dbffdbff
dbffda65
c600e750
d826c600
dbd550e7
588013fe
88252124
80020001
212021e1
20e42120
e42120e4
2120e421
20e42120
e4222120
e122e1fe
80020001
882a2124
212021e1
20e42120
e42120e4
2120e421
20e42120
e4222120
80020001
e122e1fe
882a2124
212021e1
20e42120
e42120e4
2120e421
20e42120
80020001
e4222120
e122e1fe
883a2124
212021e1
20e42120
e42120e4
2120e421
80020001
20e42120
e4222120
e122e1fe
882a2124
212021e1
20e42120
e42120e4
80020001
2120e421
20e42120
e4222120
e122e1fe
882a2124
212021e1
20e42120
80020001
e42120e4
2120e421
20e42120
e4222120
e122e1fe
883a2124
212021e1
80020001
20e42120
e42120e4
2120e421
20e42120
e4222120
e122e1fe
882a2124
80020001
212021e1
20e42120
e42120e4
2120e421
20e42120
e4222120
e122e1fe
80020001
882a2124
212021e1
20e42120
e42120e4
2120e421
20e42120
e4222120
80020001
e122e1fe
883a2124
212021e1
20e42120
e42120e4
2120e421
20e42120
80020001
e4222120
e122e1fe
882a2124
212021e1
20e42120
e42120e4
2120e421
80020001
20e42120
e4222120
e122e1fe
882a2124
212021e1
20e42120
e42120e4
80020001
2120e421
20e42120
e4222120
e122e1fe
84155bfe
9413e177
70c88070
80020001
d826ca00
70d810fe
c81070ec
c88070e2
c88070fe
da34c820
70e3ca00
80020001
db7650fe
dbffdbff
dbffdbff
dbffdbff
dbffdbff
dbffdbff
dbffdbff
80020001
dbffd96a
dc000000
fefefefe
fefefefe
fefefefe
fefefefe
fefefefe